feature,importance
bullish_ob,0.02887367270886898
net_confluence,0.025755690410733223
is_swing_low,0.0220690555870533
is_swing_high,0.019784197211265564
bearish_ob,0.018454590812325478
higher_low,0.01588303968310356
in_nypm_kz,0.015187414363026619
bearish_confluence,0.015103948302567005
in_london_kz,0.014864136464893818
bullish_confluence,0.014159658923745155
recent_sweep_low,0.013538071885704994
london_open_hour,0.013463687151670456
rsi_oversold,0.013389619067311287
in_discount,0.013340545818209648
near_pdh,0.013273639604449272
recent_bullish_fvg,0.013182468712329865
high_volatility,0.01307157427072525
recent_bearish_fvg,0.012701748870313168
lh_count,0.012686681002378464
recent_sweep_high,0.012652194127440453
lower_low,0.012549598701298237
recent_bullish_bos,0.012295801192522049
ema_bearish_stack,0.0122835086658597
atr_pct,0.012133847922086716
dist_to_swing_low,0.011969247832894325
dow_sin,0.011800332926213741
vol_sma,0.011546624824404716
day_of_month,0.011457350105047226
month,0.011337017640471458
volume_trend,0.011241292580962181
is_monday,0.011150705628097057
in_premium,0.011112951673567295
minute,0.010960548184812069
hour_cos,0.010938535444438457
hh_count,0.01088254339993
dist_to_pdh,0.010848001576960087
dist_to_pdl,0.010740910656750202
recent_bearish_bos,0.01069475058466196
hl_count,0.010619157925248146
ny_open_hour,0.01054433360695839
bars_since_bearish_bos,0.01047294307500124
rsi_overbought,0.010462011210620403
hour_sin,0.01046073529869318
bars_since_bullish_bos,0.01028150413185358
atr_ratio,0.009881099686026573
recent_bearish_disp,0.009847900830209255
in_equilibrium,0.009842497296631336
atr,0.009727704338729382
recent_bullish_ob,0.00966089777648449
dist_to_swing_high,0.009532262571156025
hour,0.009503472596406937
dow_cos,0.009497152641415596
ll_count,0.009441981092095375
below_pdl,0.009428316727280617
in_sb_window,0.009338033385574818
max_confluence,0.009261044673621655
fvg_trend_aligned,0.009179744869470596
volatility,0.009085317142307758
roc_10,0.00907485093921423
close_vs_ema21,0.008998235687613487
roc_20,0.008951501920819283
trend_ema,0.008857263252139091
structure_bias,0.008855002000927925
close_vs_ema50,0.008834776468575
rsi,0.008814321830868721
recent_bullish_disp,0.008807765319943428
day_of_week,0.00843928661197424
displacement_size,0.008375120349228382
close_vs_ema8,0.008308453485369682
price_position,0.00820190366357565
is_midweek,0.008024513721466064
higher_high,0.007939234375953674
ema_bullish_stack,0.0078003741800785065
roc_5,0.007684019859880209
is_friday,0.007632375229150057
above_pdh,0.007529499474912882
in_bullish_fvg,0.007316853851079941
volume_ratio,0.007092116866260767
recent_bearish_ob,0.006982655730098486
lower_high,0.006647409405559301
rvol,0.006516584195196629
bearish_engulf,0.006188506726175547
sweep_low,0.006177648436278105
range_atr,0.006116385571658611
is_displacement,0.006039697676897049
upper_wick_ratio,0.0058971126563847065
near_pdl,0.005617585964500904
in_nyam_kz,0.005616059061139822
in_bearish_fvg,0.00559889804571867
is_bearish,0.005589689593762159
trend_zone_aligned,0.005588428117334843
sweep_high,0.0055196392349898815
is_doji,0.005228734575212002
body_pct,0.005006405059248209
lower_wick_ratio,0.004820663947612047
is_bullish,0.004757330287247896
bearish_rejection,0.003909152466803789
fvg_size,0.003196569625288248
in_any_kz,0.0
volume_spike,0.0
low_volatility,0.0
bos_bearish,0.0
bos_bullish,0.0
bearish_fvg,0.0
bearish_displacement,0.0
bullish_displacement,0.0
bullish_fvg,0.0
is_hammer,0.0
bullish_engulf,0.0
is_marubozu,0.0
is_shooting_star,0.0
bullish_rejection,0.0
