model_type,trial_id,val_loss,val_accuracy,accuracy,composite_score,num_LSTM_layers,units_first,activation,kernel_initializer,forget_bias,dropout,recurrent_dropout,num_dense_layers,units,bias_initializer,dropout_rate,learning_rate,focal_gamma,focal_alpha
buy_trials_LSTM,000,247.70220947265625,0.9950390458106995,0.9948632717132568,1.2474349455833436,2,32,tanh,glorot_normal,True,0.30000000000000004,0.35000000000000003,1,64,zeros,0.5,0.001715074355925934,3.0,0.1
buy_trials_LSTM,001,1116.6507568359375,0.9950390458106995,0.9760351777076721,0.39146173334121714,3,32,tanh,glorot_normal,False,0.30000000000000004,0.45,1,64,glorot_normal,0.1,0.00014111965749931114,2.5,0.7000000000000001
buy_trials_LSTM,002,166.8947296142578,0.9950390458106995,0.9950000047683716,1.3281443161964417,3,64,relu,glorot_normal,True,0.30000000000000004,0.30000000000000004,2,128,zeros,0.2,0.0010277342442932575,1.0,0.5
buy_trials_LSTM,003,68.95321655273438,0.9950390458106995,0.994921863079071,1.426085829257965,3,32,gelu,glorot_normal,False,0.2,0.25,1,64,he_normal,0.30000000000000004,0.0033137745378583987,1.5,0.2
buy_trials_LSTM,004,384.17022705078125,0.9950390458106995,0.9950781464576721,1.1108688187599183,2,64,relu,he_normal,False,0.45,0.45,2,96,zeros,0.1,0.0003623815491328145,3.0,0.8
buy_trials_LSTM,005,541.241455078125,0.9950390458106995,0.9949804544448853,0.9537975907325744,2,32,relu,he_normal,True,0.25,0.4,2,96,zeros,0.30000000000000004,0.0001272703380605649,3.0,0.9
buy_trials_LSTM,006,269.58905029296875,0.9950390458106995,0.8094726800918579,1.1962699456214905,2,32,gelu,he_normal,True,0.25,0.30000000000000004,1,64,he_normal,0.30000000000000004,0.0001395510628578222,1.0,0.1
buy_trials_LSTM,007,831.8199462890625,0.9950390458106995,0.9876953363418579,0.6632190995216369,3,96,tanh,he_normal,False,0.45,0.2,2,64,zeros,0.5,0.0025890919266874407,3.0,0.9
buy_trials_LSTM,008,2231.087158203125,0.04960937425494194,0.2626953125,-1.712623475819826,1,96,tanh,he_normal,True,0.30000000000000004,0.2,2,32,glorot_normal,0.1,0.00010805627988186071,1.0,0.30000000000000004
buy_trials_LSTM,009,87.99817657470703,0.9950390458106995,0.994824230670929,1.4070408692359924,3,64,gelu,he_normal,False,0.25,0.4,1,32,he_normal,0.5,0.006353350532750873,1.0,0.6
buy_trials_LSTM,010,46.68547821044922,0.9950390458106995,0.9194921851158142,1.4483535676002504,2,32,relu,he_normal,False,0.30000000000000004,0.4,1,32,he_normal,0.2,0.0013291852527485804,3.0,0.6
buy_trials_LSTM,011,204.69686889648438,0.9950390458106995,0.9949414134025574,1.2903421769142152,2,96,relu,glorot_normal,False,0.2,0.4,1,64,glorot_normal,0.1,0.001027905840968144,1.5,0.6
buy_trials_LSTM,012,2016.81640625,0.9950390458106995,0.7101367115974426,-0.5259200918674467,2,96,tanh,glorot_normal,True,0.2,0.45,2,64,he_normal,0.4,0.00030969640670569564,2.5,0.30000000000000004
buy_trials_LSTM,013,1309.471435546875,0.9950390458106995,0.7854687571525574,0.15076901793479913,1,96,tanh,glorot_normal,True,0.35000000000000003,0.4,2,64,he_normal,0.2,0.0004938970115853091,2.5,0.6
buy_trials_LSTM,014,263.0958251953125,0.9950390458106995,0.9949609637260437,1.231943220615387,3,32,gelu,he_normal,False,0.45,0.45,1,128,glorot_normal,0.5,0.0003484786063390684,1.5,0.5
buy_trials_LSTM,015,600.4122924804688,0.9950390458106995,0.9950585961341858,0.8946267533302307,3,96,tanh,glorot_normal,False,0.25,0.35000000000000003,1,32,glorot_normal,0.2,0.003049541549141375,2.5,0.8
buy_trials_LSTM,016,30.57938003540039,0.9950390458106995,0.9949023723602295,1.464459665775299,3,32,gelu,glorot_normal,True,0.30000000000000004,0.45,1,32,he_normal,0.2,0.006351062743654629,3.0,0.4
buy_trials_LSTM,017,89.29967498779297,0.9950390458106995,0.9949609637260437,1.4135603346824646,1,32,gelu,he_normal,False,0.35000000000000003,0.30000000000000004,2,128,he_normal,0.30000000000000004,0.00207431648016279,2.5,0.5
buy_trials_LSTM,018,928.9675903320312,0.9950390458106995,0.9947851300239563,0.5660714554786682,1,128,relu,he_normal,False,0.30000000000000004,0.35000000000000003,1,128,zeros,0.1,0.00023183657189474222,2.0,0.6
buy_trials_LSTM,019,626.266845703125,0.9950390458106995,0.87353515625,0.9613344583511353,1,32,tanh,he_normal,True,0.35000000000000003,0.25,1,32,glorot_normal,0.4,0.00022692088176343598,2.0,0.30000000000000004
buy_trials_LSTM,020,1161.546875,0.9950390458106995,0.9950195550918579,0.3334921708106995,3,96,tanh,he_normal,False,0.45,0.35000000000000003,2,128,he_normal,0.2,0.0012872737477703168,3.0,0.2
buy_trials_LSTM,021,105.96836853027344,0.9950390458106995,0.6546289324760437,1.3462880129814148,1,32,relu,glorot_normal,False,0.35000000000000003,0.2,1,64,he_normal,0.30000000000000004,0.0005017603502099382,3.0,0.4
buy_trials_LSTM,022,166.98983764648438,0.9950390458106995,0.9948632717132568,1.328049208164215,3,128,gelu,glorot_normal,False,0.2,0.35000000000000003,1,128,zeros,0.5,0.006695608114388132,2.5,0.8
buy_trials_LSTM,023,768.6990356445312,0.9950390458106995,0.9949609637260437,0.7263400101661682,3,96,relu,glorot_normal,True,0.4,0.2,1,32,zeros,0.2,0.0002933768012428558,2.5,0.30000000000000004
buy_trials_LSTM,024,84.59989929199219,0.9950390458106995,0.9948632717132568,1.4071695039272307,1,32,gelu,glorot_normal,False,0.35000000000000003,0.35000000000000003,2,96,glorot_normal,0.5,0.0021765065892749877,2.0,0.5
buy_trials_LSTM,025,382.606201171875,0.9950390458106995,0.9345312714576721,1.1124328446388245,2,64,gelu,glorot_normal,False,0.2,0.45,1,64,glorot_normal,0.5,0.00031570701500918154,1.0,0.1
buy_trials_LSTM,026,99.33305358886719,0.9950390458106995,0.9949023723602295,1.3957059922218322,2,96,gelu,he_normal,False,0.25,0.25,2,64,he_normal,0.2,0.00727915929887585,1.5,0.6
buy_trials_LSTM,027,308.8766784667969,0.9950390458106995,0.9951953291893005,1.1860053389072418,1,96,tanh,glorot_normal,True,0.30000000000000004,0.2,1,64,glorot_normal,0.2,0.008616178537110575,2.0,0.2
buy_trials_LSTM,028,1271.96533203125,0.9950390458106995,0.9947070479393005,0.2230737137794494,2,128,tanh,he_normal,False,0.30000000000000004,0.2,1,64,he_normal,0.2,0.001263698656945194,2.5,0.4
buy_trials_LSTM,029,18.645923614501953,0.9950390458106995,0.9951757788658142,1.4763931221961974,1,32,relu,glorot_normal,False,0.25,0.25,2,96,he_normal,0.1,0.00829014608439077,1.5,0.7000000000000001
buy_trials_LSTM,030,184.20130920410156,0.9950390458106995,0.9336133003234863,1.310837736606598,2,32,relu,glorot_normal,True,0.25,0.45,1,32,he_normal,0.5,0.0004706052466815514,1.0,0.9
buy_trials_LSTM,031,146.2458953857422,0.9950390458106995,0.9950195550918579,1.3487931504249573,2,96,gelu,he_normal,False,0.4,0.35000000000000003,2,96,zeros,0.1,0.0043367212336025045,1.0,0.9
buy_trials_LSTM,032,249.08641052246094,0.9950390458106995,0.9950585961341858,1.2459526352882384,3,64,gelu,he_normal,True,0.4,0.4,1,64,zeros,0.4,0.0019003838058425906,2.0,0.2
buy_trials_LSTM,033,234.80690002441406,0.004960937425494194,0.32841795682907104,0.2701540374010801,2,32,gelu,glorot_normal,True,0.4,0.4,1,32,zeros,0.2,0.00021347610418606298,3.0,0.8
buy_trials_LSTM,034,336.0479736328125,0.9950390458106995,0.9949609637260437,1.1589910721778869,3,96,gelu,glorot_normal,False,0.45,0.25,2,128,he_normal,0.4,0.001996334459987542,3.0,0.9
buy_trials_LSTM,035,354.7685852050781,0.9950390458106995,0.994824230670929,1.1551927218437195,1,64,tanh,glorot_normal,True,0.4,0.25,1,96,glorot_normal,0.30000000000000004,0.0048640356869126,2.5,0.2
buy_trials_LSTM,036,281.9219055175781,0.9949609637260437,0.738085925579071,1.2214876589775086,1,32,gelu,he_normal,True,0.35000000000000003,0.2,1,96,zeros,0.4,0.00011202631862509904,3.0,0.1
buy_trials_LSTM,037,814.1248168945312,0.004960937425494194,0.2679492235183716,-0.309163879469037,3,96,gelu,he_normal,True,0.45,0.4,1,32,glorot_normal,0.1,0.00020193356985061988,3.0,0.7000000000000001
buy_trials_LSTM,038,485.9737854003906,0.004960937425494194,0.2383398413658142,0.018947902366519,1,64,gelu,glorot_normal,True,0.25,0.35000000000000003,2,32,glorot_normal,0.30000000000000004,0.0001333046266612092,2.5,0.9
buy_trials_LSTM,039,56.317874908447266,0.9950390458106995,0.9950976371765137,1.4387211709022523,3,32,relu,he_normal,False,0.45,0.2,2,64,zeros,0.5,0.002596905757124934,3.0,0.2
buy_trials_LSTM,040,255.80825805664062,0.9950390458106995,0.8847460746765137,1.239230787754059,2,32,relu,glorot_normal,True,0.4,0.2,2,64,glorot_normal,0.5,0.0003584911744295724,1.5,0.30000000000000004
buy_trials_LSTM,041,375.6007080078125,0.9950390458106995,0.9949609637260437,1.1069359655380249,1,96,tanh,he_normal,False,0.25,0.25,1,32,he_normal,0.2,0.0072136325692250145,3.0,0.1
buy_trials_LSTM,042,96.4637680053711,0.9950390458106995,0.9950195550918579,1.3983004705905915,1,32,tanh,he_normal,False,0.25,0.35000000000000003,1,96,glorot_normal,0.30000000000000004,0.01,1.5,0.6
buy_trials_LSTM,043,29.066600799560547,0.9950390458106995,0.9950976371765137,1.4659724450111389,2,32,gelu,glorot_normal,True,0.30000000000000004,0.25,2,96,glorot_normal,0.30000000000000004,0.01,1.0,0.8
buy_trials_LSTM,044,19.01669692993164,0.9950390458106995,0.9951171875,1.4760223488807678,2,32,relu,glorot_normal,False,0.35000000000000003,0.30000000000000004,1,32,glorot_normal,0.30000000000000004,0.01,1.5,0.4
buy_trials_LSTM,045,18.672588348388672,0.9950390458106995,0.9949023723602295,1.4763664574623108,1,32,gelu,glorot_normal,False,0.30000000000000004,0.25,1,32,he_normal,0.30000000000000004,0.01,2.0,0.8
buy_trials_LSTM,046,32.25093078613281,0.9950390458106995,0.9949609637260437,1.4627881150245667,2,32,gelu,he_normal,False,0.25,0.25,2,96,he_normal,0.30000000000000004,0.01,1.0,0.8
buy_trials_LSTM,047,24.454408645629883,0.9950390458106995,0.994921863079071,1.4705846371650695,2,32,gelu,glorot_normal,True,0.25,0.4,1,64,glorot_normal,0.30000000000000004,0.01,1.0,0.5
buy_trials_LSTM,048,15.029664039611816,0.9950390458106995,0.9950390458106995,1.4800093817710875,1,32,relu,glorot_normal,False,0.25,0.4,1,32,he_normal,0.1,0.01,2.5,0.5
buy_trials_LSTM,049,17.546585083007812,0.9950390458106995,0.9949609637260437,1.4774924607276916,1,32,gelu,he_normal,False,0.35000000000000003,0.45,1,32,glorot_normal,0.30000000000000004,0.01,3.0,0.5
buy_trials_LSTM,050,26.927932739257812,0.9950390458106995,0.994824230670929,1.4681111130714417,3,32,relu,glorot_normal,False,0.30000000000000004,0.2,2,128,zeros,0.5,0.01,1.0,0.4
buy_trials_LSTM,051,42.07685089111328,0.9950390458106995,0.9950000047683716,1.4529621949195861,2,64,relu,glorot_normal,False,0.2,0.4,1,128,zeros,0.1,0.01,1.0,0.9
buy_trials_LSTM,052,28.09555435180664,0.9950390458106995,0.9950195550918579,1.466727573633194,1,32,gelu,glorot_normal,False,0.25,0.2,2,128,zeros,0.2,0.01,2.5,0.5
buy_trials_LSTM,053,14.309901237487793,0.9950390458106995,0.9950781464576721,1.4807291445732116,1,32,relu,he_normal,False,0.35000000000000003,0.35000000000000003,1,32,he_normal,0.5,0.01,3.0,0.5
buy_trials_LSTM,054,21.33452606201172,0.9950390458106995,0.9947851300239563,1.4701375393867493,1,32,gelu,glorot_normal,True,0.45,0.4,1,128,zeros,0.30000000000000004,0.01,2.5,0.9
buy_trials_LSTM,055,37.40326690673828,0.9950390458106995,0.994824230670929,1.4346276111602783,3,32,gelu,he_normal,True,0.25,0.2,1,96,glorot_normal,0.5,0.01,1.0,0.1
buy_trials_LSTM,056,19.11652183532715,0.9950390458106995,0.9949609637260437,1.4759225239753724,1,32,relu,glorot_normal,False,0.45,0.25,2,128,glorot_normal,0.4,0.01,2.5,0.9
buy_trials_LSTM,057,23.477100372314453,0.9950390458106995,0.9950976371765137,1.471561945438385,1,32,relu,he_normal,True,0.45,0.45,1,32,glorot_normal,0.2,0.01,3.0,0.9
buy_trials_LSTM,058,32.666969299316406,0.9950390458106995,0.9951953291893005,1.462372076511383,3,32,gelu,he_normal,True,0.2,0.35000000000000003,1,32,he_normal,0.1,0.01,1.5,0.1
buy_trials_LSTM,059,26.557130813598633,0.9950390458106995,0.9948632717132568,1.468481914997101,2,32,gelu,glorot_normal,True,0.45,0.45,1,32,he_normal,0.5,0.01,2.0,0.9
buy_trials_LSTM,060,31.62354278564453,0.9950390458106995,0.9950585961341858,1.4634155030250549,3,32,relu,glorot_normal,True,0.45,0.35000000000000003,1,96,zeros,0.5,0.01,1.0,0.7000000000000001
buy_trials_LSTM,061,29.12055206298828,0.9950390458106995,0.9950390458106995,1.4659184937477112,3,32,relu,he_normal,False,0.2,0.45,1,32,he_normal,0.1,0.01,1.0,0.30000000000000004
buy_trials_LSTM,062,23.079792022705078,0.9950390458106995,0.9949023723602295,1.471939614057541,1,32,gelu,glorot_normal,False,0.30000000000000004,0.2,1,128,he_normal,0.5,0.01,3.0,0.7000000000000001
buy_trials_LSTM,063,21.393508911132812,0.9950390458106995,0.9949414134025574,1.4736455368995667,1,32,gelu,glorot_normal,True,0.2,0.30000000000000004,1,32,zeros,0.30000000000000004,0.01,3.0,0.9
buy_trials_LSTM,064,29.245166778564453,0.9950390458106995,0.9950976371765137,1.465793879032135,3,32,relu,glorot_normal,True,0.2,0.25,1,96,zeros,0.1,0.01,1.0,0.1
buy_trials_LSTM,065,26.844778060913086,0.9950390458106995,0.9950976371765137,1.4681746280193329,1,32,gelu,glorot_normal,False,0.45,0.30000000000000004,2,128,he_normal,0.2,0.01,1.5,0.9
buy_trials_LSTM,066,17.26784896850586,0.9950390458106995,0.9949609637260437,1.4777711968421936,1,32,relu,glorot_normal,False,0.45,0.2,2,32,zeros,0.5,0.0064010147364560715,3.0,0.1
buy_trials_LSTM,067,62.007469177246094,0.9950390458106995,0.9948828220367432,1.4330315766334534,2,96,relu,glorot_normal,False,0.2,0.45,1,32,zeros,0.1,0.01,1.0,0.1
buy_trials_LSTM,068,15.015625,0.9950390458106995,0.9949609637260437,1.4800234208106995,1,32,relu,he_normal,False,0.45,0.45,1,32,he_normal,0.1,0.01,3.0,0.30000000000000004
buy_trials_LSTM,069,14.590961456298828,0.9950390458106995,0.994824230670929,1.4804480843544006,1,32,relu,glorot_normal,False,0.2,0.2,1,64,he_normal,0.5,0.01,1.0,0.1
buy_trials_LSTM,070,24.37970733642578,0.9950390458106995,0.9950195550918579,1.4706593384742737,1,32,gelu,glorot_normal,True,0.45,0.45,2,32,zeros,0.2,0.01,3.0,0.9
buy_trials_LSTM,071,29.522361755371094,0.9950390458106995,0.9949023723602295,1.4655166840553284,2,32,gelu,he_normal,True,0.2,0.45,1,32,he_normal,0.2,0.01,3.0,0.9
buy_trials_LSTM,072,32.389225006103516,0.9950390458106995,0.9949023723602295,1.462649820804596,3,32,gelu,glorot_normal,True,0.45,0.2,1,32,zeros,0.5,0.01,1.5,0.1
buy_trials_LSTM,073,21.658245086669922,0.9950390458106995,0.9950390458106995,1.4733808007240294,2,32,relu,glorot_normal,False,0.45,0.2,1,32,he_normal,0.5,0.01,3.0,0.1
buy_trials_LSTM,074,30.93524932861328,0.9950390458106995,0.9949804544448853,1.465222635269165,1,32,gelu,he_normal,False,0.45,0.45,2,128,zeros,0.4,0.01,2.5,0.9
buy_trials_LSTM,075,30.414976119995117,0.9950390458106995,0.9949609637260437,1.4646240696907042,2,32,relu,glorot_normal,True,0.45,0.45,2,128,zeros,0.1,0.01,1.0,0.9
buy_trials_LSTM,076,146.11619567871094,0.9950390458106995,0.9950585961341858,1.3897559657096863,1,32,gelu,glorot_normal,True,0.2,0.2,1,128,zeros,0.5,0.0006185692703818299,1.0,0.9
buy_trials_LSTM,077,24.467538833618164,0.9950390458106995,0.9950390458106995,1.4705715069770813,1,32,gelu,glorot_normal,False,0.2,0.2,1,128,he_normal,0.1,0.01,1.0,0.1
buy_trials_LSTM,078,63.97087860107422,0.9950390458106995,0.9951953291893005,1.4310681672096253,1,32,relu,glorot_normal,False,0.45,0.2,1,128,zeros,0.5,0.0008447404929886554,3.0,0.2
buy_trials_LSTM,079,30.221357345581055,0.9950390458106995,0.994921863079071,1.4648176884651185,3,32,relu,he_normal,False,0.45,0.45,1,32,zeros,0.5,0.01,3.0,0.1
buy_trials_LSTM,080,33.542579650878906,0.9950390458106995,0.9949609637260437,1.4614964661598207,3,32,gelu,glorot_normal,True,0.45,0.45,1,32,zeros,0.1,0.01,3.0,0.2
buy_trials_LSTM,081,46.9969367980957,0.9950390458106995,0.9950000047683716,1.4480421090126037,3,32,gelu,he_normal,True,0.45,0.45,1,32,he_normal,0.5,0.01,1.0,0.1
buy_trials_LSTM,082,13.447931289672852,0.9950390458106995,0.9947851300239563,1.4815911145210265,1,32,relu,glorot_normal,False,0.2,0.2,1,32,zeros,0.2,0.01,3.0,0.1
buy_trials_LSTM,083,30.049907684326172,0.9950390458106995,0.9949609637260437,1.4650088076591492,1,32,gelu,glorot_normal,False,0.45,0.2,2,128,zeros,0.5,0.01,1.0,0.1
buy_trials_LSTM,084,136.96971130371094,0.9950390458106995,0.9775586128234863,1.3954144458770752,1,32,gelu,glorot_normal,True,0.45,0.45,1,32,zeros,0.5,0.0009488326031431336,3.0,0.9
buy_trials_LSTM,085,20.678024291992188,0.9950390458106995,0.9950585961341858,1.4743610215187073,1,32,gelu,he_normal,False,0.2,0.25,2,32,he_normal,0.1,0.01,3.0,0.9
buy_trials_LSTM,086,23.061132431030273,0.9950390458106995,0.994824230670929,1.471977913379669,1,32,gelu,he_normal,False,0.2,0.2,2,32,he_normal,0.5,0.01,2.0,0.1
buy_trials_LSTM,087,45.588253021240234,0.9950390458106995,0.9949414134025574,1.4494507927894593,3,32,relu,glorot_normal,True,0.45,0.2,2,128,zeros,0.5,0.00432507871819974,1.0,0.1
buy_trials_LSTM,088,18.57506561279297,0.9950390458106995,0.9948046803474426,1.4764639801979065,1,32,gelu,he_normal,False,0.2,0.45,1,32,he_normal,0.30000000000000004,0.01,1.0,0.1
buy_trials_LSTM,089,20.135156631469727,0.9950390458106995,0.9950781464576721,1.4749038891792297,1,32,gelu,glorot_normal,True,0.2,0.2,1,32,he_normal,0.1,0.01,3.0,0.30000000000000004
buy_trials_LSTM,090,20.987348556518555,0.9950390458106995,0.9949414134025574,1.4656255972385406,1,32,gelu,glorot_normal,True,0.45,0.45,1,32,he_normal,0.1,0.01,3.0,0.9
buy_trials_LSTM,091,40.434242248535156,0.9950390458106995,0.9951367378234863,1.4546048035621644,3,32,gelu,glorot_normal,True,0.45,0.45,2,128,zeros,0.5,0.01,1.0,0.9
buy_trials_LSTM,092,52.706172943115234,0.9950390458106995,0.994921863079071,1.4423328728675842,1,32,relu,glorot_normal,False,0.45,0.2,1,128,he_normal,0.5,0.001006682256333091,1.0,0.8
buy_trials_LSTM,093,21.385007858276367,0.9950390458106995,0.9950585961341858,1.473654037952423,1,32,relu,he_normal,False,0.2,0.45,1,32,he_normal,0.2,0.0037748910602538924,3.0,0.9
buy_trials_LSTM,094,162.73446655273438,0.9950390458106995,0.9945507645606995,1.3322849395275116,1,32,gelu,glorot_normal,False,0.45,0.2,2,128,he_normal,0.5,0.0007137650172595556,3.0,0.9
buy_trials_LSTM,095,15.47447395324707,0.9950390458106995,0.9950000047683716,1.4795645718574524,1,32,relu,he_normal,False,0.45,0.45,2,32,zeros,0.1,0.01,3.0,0.9
buy_trials_LSTM,096,27.683435440063477,0.9950390458106995,0.9950390458106995,1.467355610370636,1,32,gelu,glorot_normal,False,0.2,0.45,2,32,zeros,0.2,0.01,1.0,0.9
buy_trials_LSTM,097,124.09127044677734,0.9950390458106995,0.9950585961341858,1.370947775363922,3,128,gelu,glorot_normal,False,0.2,0.2,2,128,zeros,0.1,0.01,1.0,0.9
buy_trials_LSTM,098,16.786134719848633,0.9950390458106995,0.9950390458106995,1.4782529110908509,1,32,relu,glorot_normal,False,0.45,0.45,1,32,he_normal,0.5,0.00672294723658426,1.0,0.9
buy_trials_LSTM,099,41.893882751464844,0.9950390458106995,0.9947460889816284,1.4531451630592347,3,32,gelu,glorot_normal,True,0.45,0.45,1,128,zeros,0.2,0.01,1.0,0.1
buy_trials_LSTM,100,39.334999084472656,0.9950390458106995,0.9949023723602295,1.4557040467262268,1,32,relu,glorot_normal,False,0.45,0.45,2,128,zeros,0.5,0.001404485763171895,1.0,0.9
buy_trials_LSTM,101,47.087181091308594,0.9950390458106995,0.9948632717132568,1.447951864719391,3,32,gelu,he_normal,True,0.45,0.45,1,32,he_normal,0.30000000000000004,0.01,3.0,0.5
buy_trials_LSTM,102,79.68827056884766,0.9950390458106995,0.9950195550918579,1.3764806790351867,1,128,gelu,glorot_normal,False,0.2,0.45,1,128,zeros,0.5,0.01,1.0,0.9
buy_trials_LSTM,103,30.547391891479492,0.9950390458106995,0.9950000047683716,1.4644916539192199,3,32,gelu,glorot_normal,True,0.45,0.2,1,128,he_normal,0.5,0.01,1.0,0.8
buy_trials_LSTM,104,38.60398483276367,0.9950390458106995,0.9950000047683716,1.4564350609779357,3,32,gelu,glorot_normal,True,0.45,0.45,1,32,zeros,0.1,0.01,1.0,0.9
buy_trials_LSTM,105,25.469703674316406,0.9950390458106995,0.9950390458106995,1.4510162937641145,1,32,gelu,glorot_normal,False,0.45,0.45,1,32,zeros,0.5,0.01,1.0,0.1
buy_trials_LSTM,106,21.664915084838867,0.9950390458106995,0.9950390458106995,1.4733741307258605,1,32,gelu,glorot_normal,False,0.2,0.2,1,32,zeros,0.5,0.01,3.0,0.1
buy_trials_LSTM,107,35.6215705871582,0.9950390458106995,0.994921863079071,1.4594174752235411,3,32,gelu,he_normal,True,0.2,0.45,1,32,zeros,0.5,0.01,1.0,0.1
buy_trials_LSTM,108,60.590274810791016,0.9950390458106995,0.9950000047683716,1.4344487709999085,1,128,relu,glorot_normal,False,0.2,0.45,1,32,glorot_normal,0.1,0.01,1.0,0.9
buy_trials_LSTM,109,15.620677947998047,0.9950390458106995,0.9949804544448853,1.4794183678627013,1,32,relu,glorot_normal,True,0.2,0.45,1,32,zeros,0.1,0.01,1.0,0.9
buy_trials_LSTM,110,124.1423568725586,0.9950390458106995,0.9949023723602295,1.3322001912593842,1,32,gelu,he_normal,False,0.2,0.2,1,128,he_normal,0.5,0.0006421433165371351,1.0,0.1
buy_trials_LSTM,111,33.932640075683594,0.9950390458106995,0.9949414134025574,1.4611064057350158,3,32,gelu,glorot_normal,False,0.45,0.2,2,32,he_normal,0.5,0.01,1.0,0.30000000000000004
buy_trials_LSTM,112,75.12733459472656,0.9950390458106995,0.9950976371765137,1.4172034251689911,1,32,relu,he_normal,False,0.45,0.45,1,32,he_normal,0.30000000000000004,0.0007281182063360119,3.0,0.9
buy_trials_LSTM,113,21.888158798217773,0.9950390458106995,0.9948828220367432,1.4731508870124816,1,32,relu,glorot_normal,False,0.2,0.2,1,32,he_normal,0.5,0.0049514921025182726,3.0,0.9
buy_trials_LSTM,114,32.247093200683594,0.9950390458106995,0.9950195550918579,1.462791952610016,3,32,gelu,he_normal,False,0.2,0.2,1,32,he_normal,0.5,0.01,3.0,0.1
buy_trials_LSTM,115,27.29961395263672,0.9950390458106995,0.994921863079071,1.4677394318580628,1,32,relu,glorot_normal,False,0.2,0.45,1,32,zeros,0.5,0.001310084449126827,1.0,0.7000000000000001
buy_trials_LSTM,116,15.39361572265625,0.9950390458106995,0.9950976371765137,1.4796454300880433,1,32,relu,glorot_normal,False,0.45,0.2,1,32,he_normal,0.2,0.01,3.0,0.8
buy_trials_LSTM,117,28.998146057128906,0.9950390458106995,0.9950976371765137,1.4660408997535705,3,32,relu,glorot_normal,True,0.2,0.2,1,32,he_normal,0.5,0.01,1.0,0.9
buy_trials_LSTM,118,21.573017120361328,0.9950390458106995,0.9950976371765137,1.473466028690338,1,32,relu,he_normal,False,0.45,0.35000000000000003,2,128,zeros,0.5,0.01,3.0,0.1
buy_trials_LSTM,119,28.539745330810547,0.9950390458106995,0.994921863079071,1.4632998423576355,1,32,gelu,he_normal,False,0.45,0.45,2,128,he_normal,0.5,0.01,1.0,0.5
buy_trials_LSTM,120,26.38225746154785,0.9950390458106995,0.9951171875,1.4518350462913514,1,32,gelu,he_normal,False,0.45,0.45,1,128,zeros,0.5,0.01,3.0,0.1
buy_trials_LSTM,121,15.951157569885254,0.9950390458106995,0.9951757788658142,1.4790878882408143,1,32,relu,glorot_normal,False,0.45,0.45,1,128,zeros,0.5,0.01,1.0,0.1
buy_trials_LSTM,122,43.50601577758789,0.9950390458106995,0.9950976371765137,1.4515330300331115,3,32,gelu,he_normal,False,0.45,0.45,2,64,zeros,0.5,0.01,1.0,0.1
buy_trials_LSTM,123,17.677261352539062,0.9950390458106995,0.9950390458106995,1.4773617844581604,1,32,relu,glorot_normal,False,0.45,0.45,2,128,zeros,0.1,0.01,3.0,0.9
buy_trials_LSTM,124,38.755069732666016,0.9950390458106995,0.9950195550918579,1.4562839760780335,3,32,gelu,glorot_normal,False,0.45,0.2,2,128,zeros,0.5,0.01,3.0,0.1
buy_trials_LSTM,125,31.501358032226562,0.9950390458106995,0.9951171875,1.463537687778473,3,32,gelu,he_normal,False,0.2,0.45,1,128,zeros,0.5,0.01,1.0,0.1
buy_trials_LSTM,126,100.7651596069336,0.9950390458106995,0.9951367378234863,1.3942738862037658,1,32,relu,he_normal,False,0.45,0.45,1,32,zeros,0.5,0.0005521581258212327,3.0,0.1
buy_trials_LSTM,127,14.026378631591797,0.9950390458106995,0.9949609637260437,1.4810126671791077,1,32,relu,glorot_normal,False,0.45,0.45,1,32,zeros,0.2,0.01,3.0,0.1
buy_trials_LSTM,128,21.226242065429688,0.9950390458106995,0.9950195550918579,1.4738128037452698,2,32,relu,he_normal,False,0.2,0.45,1,32,zeros,0.1,0.01,3.0,0.1
buy_trials_LSTM,129,18.064712524414062,0.9950390458106995,0.9949414134025574,1.4752666304111481,1,32,gelu,glorot_normal,True,0.2,0.2,1,32,he_normal,0.5,0.01,1.0,0.9
buy_trials_LSTM,130,37.191776275634766,0.9950390458106995,0.9949023723602295,1.4578472695350646,3,32,gelu,he_normal,True,0.2,0.45,1,128,zeros,0.1,0.01,1.0,0.9
buy_trials_LSTM,131,42.7119255065918,0.9950390458106995,0.9949609637260437,1.4523271203041077,3,32,relu,he_normal,False,0.45,0.45,2,128,zeros,0.1,0.01,1.0,0.9
buy_trials_LSTM,132,25.205495834350586,0.9950390458106995,0.994921863079071,1.4698335499763489,1,32,relu,glorot_normal,False,0.2,0.45,1,96,zeros,0.1,0.0021963518670938295,1.0,0.1
buy_trials_LSTM,133,15.15025520324707,0.9950390458106995,0.9950390458106995,1.4798887906074525,1,32,relu,glorot_normal,False,0.2,0.2,1,128,he_normal,0.2,0.01,3.0,0.1
buy_trials_LSTM,134,27.482526779174805,0.9950390458106995,0.994824230670929,1.4675565190315247,3,32,gelu,glorot_normal,True,0.45,0.2,1,32,he_normal,0.30000000000000004,0.01,3.0,0.9
buy_trials_LSTM,135,29.664113998413086,0.9950390458106995,0.9950000047683716,1.4653749318122864,3,32,relu,glorot_normal,True,0.2,0.2,1,128,he_normal,0.1,0.01,1.0,0.9
buy_trials_LSTM,136,21.516881942749023,0.9950390458106995,0.9949804544448853,1.4735221638679505,2,32,relu,he_normal,False,0.2,0.45,1,32,he_normal,0.30000000000000004,0.01,3.0,0.1
buy_trials_LSTM,137,39.57571029663086,0.9950390458106995,0.9949609637260437,1.4554633355140687,3,32,gelu,glorot_normal,True,0.45,0.2,2,128,zeros,0.1,0.01,3.0,0.9
buy_trials_LSTM,138,836.9684448242188,0.9950390458106995,0.9948437213897705,0.6580706009864807,3,32,relu,glorot_normal,True,0.45,0.2,2,128,zeros,0.5,0.00026433542714515755,1.0,0.9
buy_trials_LSTM,139,31.18557357788086,0.9950390458106995,0.9949414134025574,1.4638534722328187,3,32,relu,glorot_normal,True,0.2,0.45,2,128,zeros,0.1,0.01,1.0,0.2
buy_trials_LSTM,140,28.31702423095703,0.9950390458106995,0.994824230670929,1.4667220215797425,3,32,relu,glorot_normal,False,0.45,0.25,2,128,zeros,0.1,0.01,1.0,0.1
buy_trials_LSTM,141,17.067392349243164,0.9950390458106995,0.9950781464576721,1.4779716534614562,1,32,relu,he_normal,False,0.45,0.45,1,128,he_normal,0.5,0.01,3.0,0.9
buy_trials_LSTM,142,19.5251522064209,0.9950390458106995,0.9950976371765137,1.4755138936042786,1,32,relu,glorot_normal,False,0.45,0.2,2,128,he_normal,0.5,0.01,1.5,0.1
buy_trials_LSTM,143,29.45508575439453,0.9950390458106995,0.9948437213897705,1.465583960056305,3,32,relu,glorot_normal,True,0.45,0.2,1,32,he_normal,0.5,0.01,1.0,0.1
buy_trials_LSTM,144,20.01737403869629,0.9950390458106995,0.9950781464576721,1.4750216717720033,1,32,relu,glorot_normal,False,0.2,0.45,1,128,he_normal,0.5,0.004793836298430319,1.0,0.9
buy_trials_LSTM,145,20.934803009033203,0.9950390458106995,0.9949804544448853,1.4805361204147338,1,32,gelu,glorot_normal,False,0.45,0.45,1,128,zeros,0.5,0.01,1.0,0.9
buy_trials_LSTM,146,33.742820739746094,0.9950390458106995,0.9950585961341858,1.4612962250709534,3,32,gelu,he_normal,False,0.2,0.2,2,32,he_normal,0.2,0.01,1.0,0.1
buy_trials_LSTM,147,36.91511535644531,0.9950390458106995,0.9950000047683716,1.4581239304542541,3,32,gelu,he_normal,True,0.2,0.45,1,128,he_normal,0.5,0.01,1.0,0.9
buy_trials_LSTM,148,28.735204696655273,0.9950390458106995,0.9948828220367432,1.4421752848625182,1,32,gelu,he_normal,False,0.2,0.2,2,128,he_normal,0.5,0.01,3.0,0.4
buy_trials_LSTM,149,25.188186645507812,0.9950390458106995,0.9949609637260437,1.4698508591651918,3,32,relu,glorot_normal,False,0.45,0.45,2,32,zeros,0.5,0.01,1.0,0.1
