confluence_score_loss,confluence_score_mae,confluence_score_mse,directional_bias_loss,directional_bias_mae,directional_bias_mse,loss,val_confluence_score_loss,val_confluence_score_mae,val_confluence_score_mse,val_directional_bias_loss,val_directional_bias_mae,val_directional_bias_mse,val_loss,learning_rate
0.0763888880610466,0.25,0.0763888880610466,0.0005174694233573973,0.020786382257938385,0.0005174694233573973,0.07680286467075348,0.24975009262561798,0.4997500479221344,0.24975009262561798,0.0009063443867489696,0.02922738529741764,0.0009063443867489696,0.2504751682281494,0.0010000000474974513
0.07629173249006271,0.249833345413208,0.07629173249006271,0.0005013550980947912,0.020342042669653893,0.0005013550980947912,0.07669281959533691,0.2495003044605255,0.499500036239624,0.2495003044605255,0.0008491906337440014,0.028232717886567116,0.0008491906337440014,0.250179648399353,0.0010000000474974513
0.07619470357894897,0.24966669082641602,0.07619470357894897,0.00048730673734098673,0.019899968057870865,0.00048730673734098673,0.07658454775810242,0.2492506206035614,0.49925002455711365,0.2492506206035614,0.0007945431279949844,0.027247730642557144,0.0007945431279949844,0.24988624453544617,0.0010000000474974513
0.07609780877828598,0.24950003623962402,0.07609780877828598,0.0004753449757117778,0.01946219429373741,0.0004753449757117778,0.07647808641195297,0.24900107085704803,0.49900007247924805,0.24900107085704803,0.000742641685064882,0.026278074830770493,0.000742641685064882,0.24959519505500793,0.0010000000474974513
0.07600102573633194,0.24933338165283203,0.07600102573633194,0.0004654648364521563,0.019031237810850143,0.0004654648364521563,0.0763733983039856,0.2487517148256302,0.49875015020370483,0.2487517148256302,0.0006937439320608974,0.02533060684800148,0.0006937439320608974,0.24930670857429504,0.0010000000474974513
0.07590439915657043,0.24916678667068481,0.07590439915657043,0.000457627116702497,0.018622461706399918,0.000457627116702497,0.07627049833536148,0.24850258231163025,0.49850034713745117,0.24850258231163025,0.0006481233867816627,0.02441350184381008,0.0006481233867816627,0.24902108311653137,0.0010000000474974513
0.07580794394016266,0.24900023639202118,0.07580794394016266,0.00045175052946433425,0.018316758796572685,0.00045175052946433425,0.07616934180259705,0.2482534945011139,0.49825042486190796,0.2482534945011139,0.0006060625892132521,0.02353631891310215,0.0006060625892132521,0.2487383335828781,0.0010000000474974513
0.07571156322956085,0.24883362650871277,0.07571156322956085,0.0004477037291508168,0.018024364486336708,0.0004477037291508168,0.07606972754001617,0.24800463020801544,0.4980006217956543,0.24800463020801544,0.0005678393063135445,0.02270979806780815,0.0005678393063135445,0.24845890700817108,0.0010000000474974513
0.07561534643173218,0.24866707623004913,0.07561534643173218,0.0004452987923286855,0.017748858779668808,0.0004452987923286855,0.0759715884923935,0.24775592982769012,0.497750848531723,0.24775592982769012,0.0005337080219760537,0.021945470944046974,0.0005337080219760537,0.24818289279937744,0.0010000000474974513
0.07551929354667664,0.24850058555603027,0.07551929354667664,0.0004442907520569861,0.0174940824508667,0.0004442907520569861,0.07587472349405289,0.24750737845897675,0.4975011348724365,0.24750737845897675,0.0005038768285885453,0.02125493995845318,0.0005038768285885453,0.24791046977043152,0.0010000000474974513
0.07542335242033005,0.2483340948820114,0.07542335242033005,0.0004443846410140395,0.01730351150035858,0.0004443846410140395,0.07577885687351227,0.24725906550884247,0.4972515106201172,0.24725906550884247,0.00047848239773884416,0.02064892277121544,0.00047848239773884416,0.24764184653759003,0.0010000000474974513
0.07532759010791779,0.24816767871379852,0.07532759010791779,0.00044525275006890297,0.017168838530778885,0.00044525275006890297,0.07568379491567612,0.24701087176799774,0.49700188636779785,0.24701087176799774,0.0004575696657411754,0.020136170089244843,0.0004575696657411754,0.247376948595047,0.0010000000474974513
0.07523194700479507,0.24800126254558563,0.07523194700479507,0.00044656090904027224,0.01705489307641983,0.00044656090904027224,0.07558919489383698,0.2467629462480545,0.4967523515224457,0.2467629462480545,0.0004410826659295708,0.019722532480955124,0.0004410826659295708,0.24711580574512482,0.0010000000474974513
0.07513647526502609,0.2478349208831787,0.07513647526502609,0.0004479994822759181,0.01696297526359558,0.0004479994822759181,0.07549487799406052,0.24651511013507843,0.4965028762817383,0.24651511013507843,0.0004288681666366756,0.019410405308008194,0.0004288681666366756,0.24685820937156677,0.0010000000474974513
0.07504112273454666,0.2476685792207718,0.07504112273454666,0.0004493114538490772,0.01689361408352852,0.0004493114538490772,0.07540056854486465,0.24626758694648743,0.4962535500526428,0.24626758694648743,0.00042069153278134763,0.019198624417185783,0.00042069153278134763,0.24660415947437286,0.0010000000474974513
0.07494597136974335,0.2475023865699768,0.07494597136974335,0.0004503126838244498,0.0168465506285429,0.0004503126838244498,0.07530622184276581,0.24602016806602478,0.496004194021225,0.24602016806602478,0.00041625945596024394,0.019082849845290184,0.00041625945596024394,0.2463531792163849,0.0010000000474974513
0.07485094666481018,0.24733614921569824,0.07485094666481018,0.0004508979036472738,0.01682082563638687,0.0004508979036472738,0.07521166652441025,0.2457731068134308,0.4957551062107086,0.2457731068134308,0.00041524204425513744,0.019056173041462898,0.00041524204425513744,0.24610528349876404,0.0010000000474974513
0.07475610822439194,0.24717004597187042,0.07475610822439194,0.0004510365833994001,0.01681489497423172,0.0004510365833994001,0.07511693984270096,0.24552612006664276,0.4955058991909027,0.24552612006664276,0.0004172908666078001,0.019109854474663734,0.0004172908666078001,0.24585995078086853,0.0010000000474974513
0.07466138899326324,0.2470039576292038,0.07466138899326324,0.0004507590492721647,0.016826823353767395,0.0004507590492721647,0.07502199709415436,0.24527940154075623,0.4952569007873535,0.24527940154075623,0.0004220496048219502,0.019233960658311844,0.0004220496048219502,0.2456170618534088,0.0010000000474974513
0.07456684857606888,0.24683792889118195,0.07456684857606888,0.0004501393996179104,0.016854403540492058,0.0004501393996179104,0.07492695748806,0.2450329065322876,0.4950079917907715,0.2450329065322876,0.00042915850644931197,0.019417881965637207,0.00042915850644931197,0.24537622928619385,0.0010000000474974513
0.07447246462106705,0.24667198956012726,0.07447246462106705,0.0004492777807172388,0.016895273700356483,0.0004492777807172388,0.07483188807964325,0.24478666484355927,0.4947591722011566,0.24478666484355927,0.0004382542392704636,0.019650695845484734,0.0004382542392704636,0.2451372593641281,0.0010000000474974513
0.07437826693058014,0.24650613963603973,0.07437826693058014,0.00044828414684161544,0.016947010532021523,0.00044828414684161544,0.07473689317703247,0.24454066157341003,0.49451056122779846,0.24454066157341003,0.00044896756298840046,0.019921425729990005,0.00044896756298840046,0.24489983916282654,0.0010000000474974513
0.07428422570228577,0.24634034931659698,0.07428422570228577,0.0004472650762181729,0.017007172107696533,0.0004472650762181729,0.07464203983545303,0.24429485201835632,0.4942619204521179,0.24429485201835632,0.0004609202442225069,0.020219195634126663,0.0004609202442225069,0.2446635663509369,0.0010000000474974513
0.07419034093618393,0.24617460370063782,0.07419034093618393,0.0004463134682737291,0.017073342576622963,0.0004463134682737291,0.07454739511013031,0.24404926598072052,0.49401339888572693,0.24404926598072052,0.0004737239796668291,0.020533377304673195,0.0004737239796668291,0.24442824721336365,0.0010000000474974513
0.07409662008285522,0.2460089474916458,0.07409662008285522,0.0004455016751307994,0.017143161967396736,0.0004455016751307994,0.07445301860570908,0.24380400776863098,0.49376511573791504,0.24380400776863098,0.0004869815893471241,0.020853709429502487,0.0004869815893471241,0.24419359862804413,0.0010000000474974513
0.07400307804346085,0.24584341049194336,0.07400307804346085,0.00044487728155218065,0.017214348539710045,0.00044487728155218065,0.0743589773774147,0.24355891346931458,0.49351686239242554,0.24355891346931458,0.0005002918187528849,0.021170439198613167,0.0005002918187528849,0.24395914375782013,0.0010000000474974513
0.0739096999168396,0.2456779181957245,0.0739096999168396,0.0004444615915417671,0.017284730449318886,0.0004444615915417671,0.07426527142524719,0.24331410229206085,0.49326878786087036,0.24331410229206085,0.0005132576916366816,0.021474482491612434,0.0005132576916366816,0.24372470378875732,0.0010000000474974513
0.07381650805473328,0.24551254510879517,0.07381650805473328,0.00044425137457437813,0.01735229790210724,0.00044425137457437813,0.07417190819978714,0.24306948482990265,0.49302077293395996,0.24306948482990265,0.0005254987627267838,0.02175762876868248,0.0005254987627267838,0.24348989129066467,0.0010000000474974513
0.0737234503030777,0.24534718692302704,0.0737234503030777,0.00044422183418646455,0.0174314696341753,0.00044422183418646455,0.07407882809638977,0.24282518029212952,0.4927729666233063,0.24282518029212952,0.0005366651457734406,0.0220127422362566,0.0005366651457734406,0.24325451254844666,0.0010000000474974513
0.07363059371709824,0.24518196284770966,0.07363059371709824,0.00044433254515752196,0.01751650497317314,0.00044433254515752196,0.07398606091737747,0.2425810992717743,0.492525190114975,0.2425810992717743,0.0005464522400870919,0.022233935073018074,0.0005464522400870919,0.243018239736557,0.0010000000474974513
0.0735379010438919,0.24501681327819824,0.0735379010438919,0.00044453388545662165,0.01759023778140545,0.00044453388545662165,0.07389352470636368,0.24233731627464294,0.49227768182754517,0.24233731627464294,0.0005546152242459357,0.022416753694415092,0.0005546152242459357,0.24278101325035095,0.0010000000474974513
0.0734454020857811,0.24485176801681519,0.0734454020857811,0.0004447741957847029,0.017651177942752838,0.0004447741957847029,0.07380121946334839,0.2420937716960907,0.49203023314476013,0.2420937716960907,0.0005609795334748924,0.022558262571692467,0.0005609795334748924,0.2425425499677658,0.0010000000474974513
0.07335306704044342,0.24468684196472168,0.07335306704044342,0.0004450060077942908,0.017698345705866814,0.0004450060077942908,0.07370907068252563,0.24185042083263397,0.49178290367126465,0.24185042083263397,0.0005654477281495929,0.022657083347439766,0.0005654477281495929,0.2423027753829956,0.0010000000474974513
0.07326087355613708,0.24452193081378937,0.07326087355613708,0.00044519174844026566,0.017731286585330963,0.00044519174844026566,0.07361702620983124,0.2416074275970459,0.4915357530117035,0.2416074275970459,0.0005680013564415276,0.02271336503326893,0.0005680013564415276,0.2420618236064911,0.0010000000474974513
0.07316890358924866,0.2443571835756302,0.07316890358924866,0.00044530624290928245,0.017750047147274017,0.00044530624290928245,0.07352514564990997,0.24136467278003693,0.4912887513637543,0.24136467278003693,0.0005686969961971045,0.022728675976395607,0.0005686969961971045,0.24181964993476868,0.0010000000474974513
0.07307707518339157,0.24419252574443817,0.07307707518339157,0.0004453384899534285,0.01775515265762806,0.0004453384899534285,0.07343334704637527,0.24112220108509064,0.49104195833206177,0.24112220108509064,0.0005676596774719656,0.022705843672156334,0.0005676596774719656,0.24157634377479553,0.0010000000474974513
0.0729854553937912,0.2440279871225357,0.0729854553937912,0.0004452905850484967,0.0177475418895483,0.0004452905850484967,0.07334169000387192,0.24087998270988464,0.49079522490501404,0.24087998270988464,0.0005650714738294482,0.022648775950074196,0.0005650714738294482,0.2413320243358612,0.0010000000474974513
0.07289399206638336,0.24386350810527802,0.07289399206638336,0.00044517533387988806,0.017728518694639206,0.00044517533387988806,0.07325012981891632,0.24063798785209656,0.49054867029190063,0.24063798785209656,0.0005611591041088104,0.022562241181731224,0.0005611591041088104,0.2410869151353836,0.0010000000474974513
0.07280269265174866,0.2436991035938263,0.07280269265174866,0.0004450131382327527,0.017699673771858215,0.0004450131382327527,0.07315870374441147,0.24039630591869354,0.49030226469039917,0.24039630591869354,0.0005561808357015252,0.022451648488640785,0.0005561808357015252,0.24084123969078064,0.0010000000474974513
0.07271159440279007,0.24353483319282532,0.07271159440279007,0.0004448276595212519,0.017662808299064636,0.0004448276595212519,0.07306745648384094,0.2401549369096756,0.49005603790283203,0.2401549369096756,0.0005504129221662879,0.022322826087474823,0.0005504129221662879,0.2405952662229538,0.0010000000474974513
0.07262067496776581,0.24337069690227509,0.07262067496776581,0.0004446424136403948,0.017619868740439415,0.0004446424136403948,0.07297638803720474,0.23991374671459198,0.48980993032455444,0.23991374671459198,0.0005441369721665978,0.022181810811161995,0.0005441369721665978,0.24034905433654785,0.0010000000474974513
0.07252991944551468,0.24320663511753082,0.07252991944551468,0.0004444776859600097,0.017572861164808273,0.0004444776859600097,0.07288549840450287,0.2396729290485382,0.4895640015602112,0.2396729290485382,0.0005376295302994549,0.02203463576734066,0.0005376295302994549,0.24010303616523743,0.0010000000474974513
0.07243935018777847,0.24304264783859253,0.07243935018777847,0.00044434817391447723,0.017523804679512978,0.00044434817391447723,0.0727948322892189,0.23943229019641876,0.48931819200515747,0.23943229019641876,0.0005311506683938205,0.021887125447392464,0.0005311506683938205,0.23985722661018372,0.0010000000474974513
0.07234895974397659,0.2428787797689438,0.07234895974397659,0.0004442617646418512,0.01747463457286358,0.0004442617646418512,0.07270436733961105,0.2391919642686844,0.4890725612640381,0.2391919642686844,0.0005249370587989688,0.02174471877515316,0.0005249370587989688,0.2396119087934494,0.0010000000474974513
0.07225874066352844,0.2427150458097458,0.07225874066352844,0.0004442197096068412,0.017427166923880577,0.0004442197096068412,0.07261411845684052,0.23895195126533508,0.4888271391391754,0.23895195126533508,0.0005191954551264644,0.021612290292978287,0.0005191954551264644,0.2393672913312912,0.0010000000474974513
0.07216871529817581,0.24255140125751495,0.07216871529817581,0.0004442169738467783,0.017383022233843803,0.0004442169738467783,0.07252408564090729,0.23871222138404846,0.4885818362236023,0.23871222138404846,0.0005140969296917319,0.021494010463356972,0.0005140969296917319,0.23912349343299866,0.0010000000474974513
0.07207886129617691,0.24238790571689606,0.07207886129617691,0.0004442441859282553,0.017356636002659798,0.0004442441859282553,0.07243425399065018,0.23847272992134094,0.4883366525173187,0.23847272992134094,0.0005097748944535851,0.02139323391020298,0.0005097748944535851,0.23888054490089417,0.0010000000474974513
0.07198918610811234,0.24222445487976074,0.07198918610811234,0.00044428944238461554,0.017334243282675743,0.00044428944238461554,0.07234461605548859,0.2382335215806961,0.48809170722961426,0.2382335215806961,0.0005063229473307729,0.021312406286597252,0.0005063229473307729,0.23863859474658966,0.0010000000474974513
0.07189969718456268,0.24206113815307617,0.07189969718456268,0.0004443404613994062,0.01731627993285656,0.0004443404613994062,0.07225517183542252,0.23799462616443634,0.48784691095352173,0.23799462616443634,0.0005037957453168929,0.021253030747175217,0.0005037957453168929,0.23839764297008514,0.0010000000474974513
0.07181038707494736,0.24189792573451996,0.07181038707494736,0.0004443862708285451,0.017303086817264557,0.0004443862708285451,0.07216589897871017,0.23775598406791687,0.4876022934913635,0.23775598406791687,0.0005022091791033745,0.02121567353606224,0.0005022091791033745,0.2381577491760254,0.0010000000474974513
0.07172126322984695,0.24173487722873688,0.07172126322984695,0.000444418634288013,0.017294785007834435,0.000444418634288013,0.07207679748535156,0.23751768469810486,0.48735785484313965,0.23751768469810486,0.0005015439237467945,0.021199990063905716,0.0005015439237467945,0.2379188984632492,0.0010000000474974513
0.07163231819868088,0.24157190322875977,0.07163231819868088,0.0004444330697879195,0.017291299998760223,0.0004444330697879195,0.07198786735534668,0.23727960884571075,0.4871135354042053,0.23727960884571075,0.0005017478833906353,0.02120480127632618,0.0005017478833906353,0.23768100142478943,0.0010000000474974513
0.07154354453086853,0.24140900373458862,0.07154354453086853,0.0004444285877980292,0.017292369157075882,0.0004444285877980292,0.07189908623695374,0.23704180121421814,0.4868693947792053,0.23704180121421814,0.000502740906085819,0.021228201687335968,0.000502740906085819,0.23744399845600128,0.0010000000474974513
0.0714549571275711,0.24124625325202942,0.0714549571275711,0.0004444074584171176,0.017297569662332535,0.0004444074584171176,0.07181048393249512,0.2368042916059494,0.48662543296813965,0.2368042916059494,0.0005044186837039888,0.021267682313919067,0.0005044186837039888,0.23720784485340118,0.0010000000474974513
0.07136654108762741,0.24108362197875977,0.07136654108762741,0.00044437425094656646,0.017306340858340263,0.00044437425094656646,0.07172203809022903,0.23656710982322693,0.4863816201686859,0.23656710982322693,0.0005066583980806172,0.021320274099707603,0.0005066583980806172,0.23697242140769958,0.0010000000474974513
0.07127831876277924,0.24092109501361847,0.07127831876277924,0.0004443349316716194,0.017318028956651688,0.0004443349316716194,0.07163378596305847,0.23633012175559998,0.4861379563808441,0.23633012175559998,0.0005093240179121494,0.02138269506394863,0.0005093240179121494,0.23673757910728455,0.0010000000474974513
0.0711902603507042,0.24075865745544434,0.0711902603507042,0.00044429540866985917,0.01733189821243286,0.00044429540866985917,0.07154569774866104,0.23609352111816406,0.4858945906162262,0.23609352111816406,0.0005122716538608074,0.021451512351632118,0.0005122716538608074,0.23650333285331726,0.0010000000474974513
0.07110240310430527,0.24059636890888214,0.07110240310430527,0.00044426083331927657,0.017347192391753197,0.00044426083331927657,0.07145781069993973,0.23585715889930725,0.48565125465393066,0.23585715889930725,0.0005153559031896293,0.021523278206586838,0.0005153559031896293,0.23626944422721863,0.0010000000474974513
0.07101470977067947,0.2404341697692871,0.07101470977067947,0.00044423487270250916,0.017363140359520912,0.00044423487270250916,0.07137009501457214,0.2356211245059967,0.485408216714859,0.2356211245059967,0.0005184352630749345,0.0215946976095438,0.0005184352630749345,0.23603586852550507,0.0010000000474974513
0.0709272176027298,0.24027211964130402,0.0709272176027298,0.0004442193021532148,0.01737901195883751,0.0004442193021532148,0.07128259539604187,0.23538532853126526,0.48516520857810974,0.23538532853126526,0.0005213781259953976,0.021662728860974312,0.0005213781259953976,0.23580244183540344,0.0010000000474974513
0.07083988934755325,0.24011015892028809,0.07083988934755325,0.0004442138597369194,0.017399834468960762,0.0004442138597369194,0.07119525969028473,0.2351498156785965,0.48492246866226196,0.2351498156785965,0.0005240673199295998,0.021724708378314972,0.0005240673199295998,0.2355690747499466,0.0010000000474974513
0.07075273990631104,0.2399483025074005,0.07075273990631104,0.00044421706115826964,0.017420494928956032,0.00044421706115826964,0.07110811024904251,0.23491451144218445,0.48467978835105896,0.23491451144218445,0.0005264049395918846,0.021778443828225136,0.0005264049395918846,0.23533563315868378,0.0010000000474974513
0.07066574692726135,0.2397865504026413,0.07066574692726135,0.0004442260251380503,0.017438407987356186,0.0004442260251380503,0.07102112472057343,0.23467965424060822,0.4844374656677246,0.23467965424060822,0.0005283156642690301,0.021822268143296242,0.0005283156642690301,0.2351023256778717,0.0010000000474974513
0.07057898491621017,0.2396249771118164,0.07057898491621017,0.0004442376084625721,0.017453016713261604,0.0004442376084625721,0.07093437761068344,0.2344450205564499,0.4841952323913574,0.2344450205564499,0.0005297486786730587,0.021855074912309647,0.0005297486786730587,0.23486880958080292,0.0010000000474974513
0.07049238681793213,0.23946349322795868,0.07049238681793213,0.0004442487843334675,0.01746395044028759,0.0004442487843334675,0.07084778696298599,0.23421064019203186,0.4839530885219574,0.23421064019203186,0.0005306786624714732,0.021876340731978416,0.0005306786624714732,0.23463518917560577,0.0010000000474974513
0.07040593028068542,0.23930208384990692,0.07040593028068542,0.000444257166236639,0.017471037805080414,0.000444257166236639,0.07076133787631989,0.2339765727519989,0.48371124267578125,0.2339765727519989,0.0005311056738719344,0.021886097267270088,0.0005311056738719344,0.23440146446228027,0.0010000000474974513
0.07031969726085663,0.2391408234834671,0.07031969726085663,0.0004442613571882248,0.01747429184615612,0.0004442613571882248,0.07067510485649109,0.23374274373054504,0.48346948623657227,0.23374274373054504,0.0005310527049005032,0.021884890273213387,0.0005310527049005032,0.23416760563850403,0.0010000000474974513
0.07023361325263977,0.23897965252399445,0.07023361325263977,0.00044426083331927657,0.017473887652158737,0.00044426083331927657,0.07058902084827423,0.23350927233695984,0.4832279682159424,0.23350927233695984,0.0005305640515871346,0.021873721852898598,0.0005305640515871346,0.2339337170124054,0.0010000000474974513
0.07014773786067963,0.23881864547729492,0.07014773786067963,0.0004442561184987426,0.017470167949795723,0.0004442561184987426,0.07050314545631409,0.23327603936195374,0.48298653960227966,0.23327603936195374,0.0005297001916915178,0.021853964775800705,0.0005297001916915178,0.23369979858398438,0.0010000000474974513
0.07006201148033142,0.23865771293640137,0.07006201148033142,0.0004442483768798411,0.017463581636548042,0.0004442483768798411,0.07041741162538528,0.2330431491136551,0.4827454090118408,0.2330431491136551,0.000528535048943013,0.021827291697263718,0.000528535048943013,0.2334659844636917,0.0010000000474974513
0.06997649371623993,0.23849694430828094,0.06997649371623993,0.0004442391509655863,0.017454691231250763,0.0004442391509655863,0.0703318864107132,0.23281052708625793,0.4825044274330139,0.23281052708625793,0.0005271503468975425,0.021795550361275673,0.0005271503468975425,0.23323222994804382,0.0010000000474974513
0.06989114731550217,0.23833626508712769,0.06989114731550217,0.00044423009967431426,0.017444109544157982,0.00044423009967431426,0.07024653255939484,0.2325781285762787,0.48226356506347656,0.2325781285762787,0.0005256315344013274,0.02176068164408207,0.0005256315344013274,0.23299863934516907,0.0010000000474974513
0.06980597227811813,0.23817570507526398,0.06980597227811813,0.00044422244536690414,0.01743248663842678,0.00044422244536690414,0.0701613500714302,0.23234610259532928,0.4820229411125183,0.23234610259532928,0.0005240633036009967,0.02172461710870266,0.0005240633036009967,0.2327653467655182,0.0010000000474974513
0.06972098350524902,0.2380153089761734,0.06972098350524902,0.00044421706115826964,0.017420463263988495,0.00044421706115826964,0.0700763538479805,0.23211431503295898,0.4817824363708496,0.23211431503295898,0.000522525398992002,0.021689193323254585,0.000522525398992002,0.23253233730793,0.0010000000474974513
0.06963615864515305,0.2378549575805664,0.06963615864515305,0.0004442142671905458,0.01740865781903267,0.0004442142671905458,0.06999152898788452,0.23188281059265137,0.48154211044311523,0.23188281059265137,0.0005210894159972668,0.021656062453985214,0.0005210894159972668,0.23229968547821045,0.0010000000474974513
0.06955152004957199,0.23769474029541016,0.06955152004957199,0.0004442140052560717,0.01739761419594288,0.0004442140052560717,0.06990689039230347,0.23165163397789001,0.48130202293395996,0.23165163397789001,0.000519815890584141,0.021626638248562813,0.000519815890584141,0.23206749558448792,0.0010000000474974513
0.06946706771850586,0.23753468692302704,0.06946706771850586,0.00044421557686291635,0.01738780550658703,0.00044421557686291635,0.06982243806123734,0.23142071068286896,0.48106202483177185,0.23142071068286896,0.000518752436619252,0.02160203829407692,0.000518752436619252,0.23183569312095642,0.0010000000474974513
0.06938277184963226,0.2373747080564499,0.06938277184963226,0.00044421819620765746,0.017380643635988235,0.00044421819620765746,0.06973814964294434,0.23119011521339417,0.4808223247528076,0.23119011521339417,0.0005179323488846421,0.02158304676413536,0.0005179323488846421,0.2316044569015503,0.0010000000474974513
0.06929869204759598,0.23721487820148468,0.06929869204759598,0.00044422110659070313,0.017376422882080078,0.00044422110659070313,0.06965406984090805,0.23095974326133728,0.48058271408081055,0.23095974326133728,0.0005173744866624475,0.021570121869444847,0.0005173744866624475,0.2313736379146576,0.0010000000474974513
0.06921475380659103,0.23705513775348663,0.06921475380659103,0.0004442234931048006,0.017373550683259964,0.0004442234931048006,0.0695701315999031,0.23072972893714905,0.4803433418273926,0.23072972893714905,0.0005170832155272365,0.021563367918133736,0.0005170832155272365,0.23114340007305145,0.0010000000474974513
0.06913101673126221,0.23689556121826172,0.06913101673126221,0.0004442248318810016,0.017372049391269684,0.0004442248318810016,0.06948639452457428,0.23049993813037872,0.4801040589809418,0.23049993813037872,0.0005170494550839067,0.02156258560717106,0.0005170494550839067,0.23091359436511993,0.0010000000474974513
0.06904742866754532,0.23673605918884277,0.06904742866754532,0.0004442250356078148,0.017371874302625656,0.0004442250356078148,0.06940280646085739,0.23027047514915466,0.47986507415771484,0.23027047514915466,0.0005172519595362246,0.02156727947294712,0.0005172519595362246,0.2306842803955078,0.0010000000474974513
0.06896405667066574,0.23657672107219696,0.06896405667066574,0.00044422404607757926,0.017372919246554375,0.00044422404607757926,0.06931943446397781,0.2300412654876709,0.4796261787414551,0.2300412654876709,0.0005176597624085844,0.021576734259724617,0.0005176597624085844,0.2304553985595703,0.0010000000474974513
0.0688808262348175,0.23641745746135712,0.0688808262348175,0.00044422224164009094,0.017375018447637558,0.00044422224164009094,0.06923620402812958,0.2298124134540558,0.4793875217437744,0.2298124134540558,0.0005182339227758348,0.021590033546090126,0.0005182339227758348,0.23022699356079102,0.0010000000474974513
0.06879779696464539,0.2362583428621292,0.06879779696464539,0.0004442199715413153,0.017377976328134537,0.0004442199715413153,0.06915317475795746,0.2295837700366974,0.4791489541530609,0.2295837700366974,0.0005189303192310035,0.02160615660250187,0.0005189303192310035,0.22999891638755798,0.0010000000474974513
0.0687149241566658,0.23609931766986847,0.0687149241566658,0.0004442177014425397,0.01738155633211136,0.0004442177014425397,0.06907030194997787,0.22935542464256287,0.4789106845855713,0.22935542464256287,0.000519702211022377,0.021624010056257248,0.000519702211022377,0.2297711819410324,0.0010000000474974513
0.06863225251436234,0.23594045639038086,0.06863225251436234,0.00044421578058972955,0.01738693006336689,0.00044421578058972955,0.06898762285709381,0.22912736237049103,0.47867250442504883,0.22912736237049103,0.0005205024499446154,0.02164250798523426,0.0005205024499446154,0.2295437604188919,0.0010000000474974513
0.06854972243309021,0.23578166961669922,0.06854972243309021,0.0004442145291250199,0.017393095418810844,0.0004442145291250199,0.06890509277582169,0.22889962792396545,0.47843456268310547,0.22889962792396545,0.0005212867981754243,0.021660620346665382,0.0005212867981754243,0.22931666672229767,0.0010000000474974513
0.0684674009680748,0.2356230467557907,0.0684674009680748,0.0004442139179445803,0.017399132251739502,0.0004442139179445803,0.06882277131080627,0.22867217659950256,0.47819679975509644,0.22867217659950256,0.0005220150342211127,0.021677423268556595,0.0005220150342211127,0.22908978164196014,0.0010000000474974513
0.06838524341583252,0.23546454310417175,0.06838524341583252,0.00044421397615224123,0.01740473322570324,0.00044421397615224123,0.068740613758564,0.22844500839710236,0.47795921564102173,0.22844500839710236,0.000522653223015368,0.02169213816523552,0.000522653223015368,0.22886314988136292,0.0010000000474974513
0.06830327212810516,0.23530612885951996,0.06830327212810516,0.00044421444181352854,0.017409637570381165,0.00044421444181352854,0.06865864247083664,0.22821812331676483,0.47772178053855896,0.22821812331676483,0.0005231751129031181,0.021704163402318954,0.0005231751129031181,0.22863666713237762,0.0010000000474974513
0.06822146475315094,0.2351478785276413,0.06822146475315094,0.0004442151403054595,0.01741364784538746,0.0004442151403054595,0.06857683509588242,0.22799153625965118,0.4774846136569977,0.22799153625965118,0.0005235628923401237,0.021713094785809517,0.0005235628923401237,0.22841039299964905,0.0010000000474974513
0.06813983619213104,0.2349897176027298,0.06813983619213104,0.0004442158679012209,0.01741662435233593,0.0004442158679012209,0.06849520653486252,0.22776515781879425,0.4772474765777588,0.22776515781879425,0.0005238073645159602,0.021718723699450493,0.0005238073645159602,0.22818419337272644,0.0010000000474974513
0.06805835664272308,0.23483164608478546,0.06805835664272308,0.00044421639177016914,0.017418501898646355,0.00044421639177016914,0.06841372698545456,0.22753910720348358,0.4770106375217438,0.22753910720348358,0.0005239080637693405,0.021721042692661285,0.0005239080637693405,0.22795823216438293,0.0010000000474974513
0.06797708570957184,0.23467373847961426,0.06797708570957184,0.00044421665370464325,0.017419271171092987,0.00044421665370464325,0.06833245605230331,0.22731342911720276,0.4767739772796631,0.22731342911720276,0.0005238723242655396,0.021720219403505325,0.0005238723242655396,0.22773250937461853,0.0010000000474974513
0.06789599359035492,0.234515979886055,0.06789599359035492,0.0004442165372893214,0.0174189992249012,0.0004442165372893214,0.0682513639330864,0.22708794474601746,0.47653746604919434,0.22708794474601746,0.0005237144068814814,0.021716585382819176,0.0005237144068814814,0.22750692069530487,0.0010000000474974513
0.06781505793333054,0.2343583106994629,0.06781505793333054,0.00044421618804335594,0.01741778664290905,0.00044421618804335594,0.06817042827606201,0.22686275839805603,0.4763011336326599,0.22686275839805603,0.0005234541022218764,0.02171059139072895,0.0005234541022218764,0.22728152573108673,0.0010000000474974513
0.06773429363965988,0.23420077562332153,0.06773429363965988,0.0004442156641744077,0.017415788024663925,0.0004442156641744077,0.06808966398239136,0.22663791477680206,0.476065069437027,0.22663791477680206,0.0005231152754276991,0.021702786907553673,0.0005231152754276991,0.22705641388893127,0.0010000000474974513
0.06765373051166534,0.23404335975646973,0.06765373051166534,0.00044421505299396813,0.0174131877720356,0.00044421505299396813,0.06800910085439682,0.226413294672966,0.4758290648460388,0.226413294672966,0.0005227240035310388,0.021693771705031395,0.0005227240035310388,0.22683148086071014,0.0010000000474974513
0.06757331639528275,0.23388606309890747,0.06757331639528275,0.000444214470917359,0.01741018146276474,0.000444214470917359,0.06792868673801422,0.2261890172958374,0.47559332847595215,0.2261890172958374,0.0005223072366788983,0.02168416418135166,0.0005223072366788983,0.22660687565803528,0.0010000000474974513
