model_type,trial_id,val_loss,val_accuracy,accuracy,composite_score,num_GRU_layers,units_first,activation,kernel_initializer,dropout,recurrent_dropout,num_dense_layers,units,bias_initializer,dropout_rate,learning_rate,focal_gamma,focal_alpha
direction_1_trials_GRU,000,1128.6873779296875,0.4564843773841858,0.46058595180511475,-0.17220300054550175,2,32,gelu,glorot_normal,0.4,0.2,2,32,glorot_normal,0.2,0.00905127409782462,2.5,0.9
direction_1_trials_GRU,001,152.72264099121094,0.5435156226158142,0.5412890911102295,0.8907929816246033,1,128,relu,he_normal,0.15000000000000002,0.2,1,128,glorot_normal,0.30000000000000004,0.0006752863927347823,1.0,0.1
direction_1_trials_GRU,002,4426.6845703125,0.5435156226158142,0.5399804711341858,-3.383240830898285,3,96,tanh,glorot_normal,0.1,0.15000000000000002,2,64,glorot_normal,0.4,0.004255555813913329,1.0,0.30000000000000004
direction_1_trials_GRU,003,2967.512451171875,0.4564843773841858,0.4705859422683716,-2.010995768070221,2,32,gelu,he_normal,0.15000000000000002,0.35,1,64,zeros,0.2,0.00014690651027379393,2.0,0.9
direction_1_trials_GRU,004,2438.212890625,0.4564843773841858,0.46097657084465027,-1.4817285132408142,2,128,gelu,glorot_normal,0.2,0.2,1,96,zeros,0.5,0.008316141310476274,3.0,0.7000000000000001
direction_1_trials_GRU,005,47.220706939697266,0.4564843773841858,0.4593749940395355,0.9092636704444885,1,32,relu,he_normal,0.35,0.25,1,32,he_normal,0.5,0.0003021384939866327,2.5,0.9
direction_1_trials_GRU,006,2175.726806640625,0.5435156226158142,0.5400390625,-1.1307416911125183,2,32,gelu,glorot_normal,0.4,0.4,2,32,he_normal,0.30000000000000004,0.0010953574938066576,1.5,0.4
direction_1_trials_GRU,007,2602.650634765625,0.4564843773841858,0.46097657084465027,-1.6443442029953004,2,64,tanh,he_normal,0.1,0.15000000000000002,1,128,glorot_normal,0.30000000000000004,0.0064974404904634625,2.0,0.8
direction_1_trials_GRU,008,760.1533813476562,0.4564843773841858,0.46041014790534973,0.1963309960365296,1,96,gelu,glorot_normal,0.35,0.30000000000000004,2,128,zeros,0.30000000000000004,0.0009452767099282696,2.5,0.7000000000000001
direction_1_trials_GRU,009,3304.582763671875,0.4564843773841858,0.48705077171325684,-2.3512363324165344,2,32,gelu,glorot_normal,0.25,0.1,1,32,zeros,0.4,0.0003243806953412315,2.5,0.8
direction_1_trials_GRU,010,4699.1455078125,0.5435156226158142,0.5336523652076721,-3.657125544548035,2,64,tanh,glorot_normal,0.1,0.4,2,128,zeros,0.30000000000000004,0.0008019212661756024,1.0,0.30000000000000004
direction_1_trials_GRU,011,3253.8662109375,0.5435156226158142,0.5232226848602295,-2.2103505883216856,3,64,gelu,he_normal,0.25,0.1,2,64,glorot_normal,0.5,0.0015525209418522444,2.5,0.5
direction_1_trials_GRU,012,57.990543365478516,0.5435156226158142,0.539843738079071,0.9855250792503357,1,64,relu,glorot_normal,0.35,0.1,1,64,zeros,0.30000000000000004,0.00036151371126048177,2.0,0.4
direction_1_trials_GRU,013,344.7383117675781,0.5435156226158142,0.5221874713897705,0.698777310848236,2,64,relu,he_normal,0.1,0.4,2,64,he_normal,0.4,0.00030969640670569564,2.5,0.30000000000000004
direction_1_trials_GRU,014,1423.069580078125,0.4564843773841858,0.4598437547683716,-0.4655684666633606,1,96,gelu,glorot_normal,0.4,0.25,2,128,zeros,0.4,0.0004827322539144281,1.5,0.7000000000000001
direction_1_trials_GRU,015,259.32110595703125,0.5435156226158142,0.5402929782867432,0.7841945166587829,2,128,relu,he_normal,0.30000000000000004,0.2,2,128,zeros,0.5,0.0008251039755551379,3.0,0.30000000000000004
direction_1_trials_GRU,016,9638.998046875,0.5437109470367432,0.5192577838897705,-8.589231744766236,2,64,tanh,he_normal,0.2,0.1,1,64,glorot_normal,0.1,0.00026384087338560336,2.0,0.30000000000000004
direction_1_trials_GRU,017,17992.140625,0.4894140660762787,0.49455079436302185,-17.000418369054795,3,96,tanh,he_normal,0.15000000000000002,0.35,1,128,glorot_normal,0.5,0.0002421696251742364,1.0,0.7000000000000001
direction_1_trials_GRU,018,5142.06494140625,0.4564843773841858,0.46830078959465027,-4.1880331163406375,2,128,tanh,glorot_normal,0.2,0.1,2,96,zeros,0.30000000000000004,0.0009629861008872285,2.0,0.9
direction_1_trials_GRU,019,6577.43798828125,0.5435156226158142,0.5394531488418579,-5.533922365665436,3,96,gelu,he_normal,0.25,0.15000000000000002,2,32,glorot_normal,0.2,0.0005347601471523541,2.0,0.4
direction_1_trials_GRU,020,43.59648513793945,0.5435156226158142,0.5402148365974426,0.9999191374778748,3,32,relu,glorot_normal,0.25,0.30000000000000004,1,32,glorot_normal,0.5,0.001998823411028348,2.0,0.2
direction_1_trials_GRU,021,1820.9854736328125,0.4564843773841858,0.4595312476158142,-0.8645010962486268,2,32,gelu,he_normal,0.15000000000000002,0.25,1,128,he_normal,0.30000000000000004,0.0012633033032926032,1.0,0.8
direction_1_trials_GRU,022,18211.2109375,0.5430077910423279,0.5105859637260437,-17.173106701374053,2,128,tanh,he_normal,0.15000000000000002,0.25,2,32,zeros,0.2,0.00016560330324823594,1.0,0.4
direction_1_trials_GRU,023,31.350332260131836,0.5435156226158142,0.5404492020606995,1.0121652903556824,2,32,relu,glorot_normal,0.35,0.25,1,128,glorot_normal,0.5,0.005198673201549641,3.0,0.1
direction_1_trials_GRU,024,109.87500762939453,0.5435156226158142,0.5407617092132568,0.9336406149864197,1,32,gelu,glorot_normal,0.35,0.1,2,128,he_normal,0.4,0.0036990629351355588,2.5,0.1
direction_1_trials_GRU,025,3369.509033203125,0.5360937714576721,0.5078125,-2.328344515800476,1,128,tanh,glorot_normal,0.2,0.1,1,64,zeros,0.4,0.00030290765989813667,1.0,0.1
direction_1_trials_GRU,026,1002.827392578125,0.4564843773841858,0.45894530415534973,-0.04634301519393924,3,64,relu,he_normal,0.30000000000000004,0.4,2,64,he_normal,0.4,0.0013638404825740366,2.0,0.6
direction_1_trials_GRU,027,8194.955078125,0.4564843773841858,0.48783203959465027,-7.2376949462890625,2,128,gelu,glorot_normal,0.1,0.4,1,64,glorot_normal,0.5,0.00031570701500918154,1.0,0.1
direction_1_trials_GRU,028,10289.8154296875,0.5046093463897705,0.5020898580551147,-9.28595847272873,2,96,tanh,he_normal,0.15000000000000002,0.15000000000000002,1,128,glorot_normal,0.4,0.00032149734827404113,3.0,0.30000000000000004
direction_1_trials_GRU,029,1851.1824951171875,0.4564843773841858,0.4598437547683716,-0.8944545135498048,2,32,gelu,glorot_normal,0.2,0.25,1,32,zeros,0.2,0.0015453316687064683,1.5,0.9
direction_1_trials_GRU,030,2284.1044921875,0.5435156226158142,0.5396093726158142,-1.2405888695716856,2,32,gelu,he_normal,0.2,0.25,1,64,zeros,0.1,0.0005405245899425882,2.5,0.30000000000000004
direction_1_trials_GRU,031,2245.2685546875,0.4564843773841858,0.4601171910762787,-1.2905908536911013,2,128,gelu,glorot_normal,0.15000000000000002,0.1,1,64,zeros,0.2,0.006492690297457527,2.5,0.7000000000000001
direction_1_trials_GRU,032,68.39569091796875,0.5435156226158142,0.5401172041893005,0.9751199316978455,1,128,relu,he_normal,0.30000000000000004,0.15000000000000002,1,32,he_normal,0.2,0.009803686089744015,1.5,0.1
direction_1_trials_GRU,033,5092.9365234375,0.5435156226158142,0.540820300579071,-4.049420900821686,3,128,gelu,glorot_normal,0.4,0.25,2,128,he_normal,0.2,0.002269730362400285,2.0,0.5
direction_1_trials_GRU,034,55.63589859008789,0.4564843773841858,0.45853516459465027,0.9008484787940979,2,32,relu,he_normal,0.1,0.4,2,64,he_normal,0.5,0.0017940757181116695,2.5,0.7000000000000001
direction_1_trials_GRU,035,68.9237289428711,0.4564843773841858,0.4588671922683716,0.8875606484413147,1,64,relu,he_normal,0.30000000000000004,0.25,1,64,zeros,0.4,0.0009211376149271358,2.0,0.7000000000000001
direction_1_trials_GRU,036,246.89613342285156,0.5435156226158142,0.5410351753234863,0.7966194891929627,3,32,relu,glorot_normal,0.2,0.15000000000000002,2,128,he_normal,0.4,0.00922049314969164,1.0,0.1
direction_1_trials_GRU,037,7142.15771484375,0.5435156226158142,0.5241015553474426,-6.098642092227935,3,32,tanh,he_normal,0.4,0.35,2,128,he_normal,0.2,0.0005691214031067918,2.0,0.2
direction_1_trials_GRU,038,511.1748352050781,0.4564843773841858,0.4856249988079071,0.4453095421791077,3,96,relu,glorot_normal,0.30000000000000004,0.2,1,128,glorot_normal,0.2,0.00010674541740374034,1.0,0.9
direction_1_trials_GRU,039,23.612651824951172,0.4564843773841858,0.4596289098262787,0.9328717255592346,1,32,relu,glorot_normal,0.1,0.25,1,128,glorot_normal,0.1,0.008779188065391798,2.0,0.6
direction_1_trials_GRU,040,57.34235382080078,0.5435156226158142,0.539746105670929,0.9861732687950134,1,96,relu,glorot_normal,0.25,0.1,2,128,zeros,0.5,0.01,1.0,0.1
direction_1_trials_GRU,041,24.57455825805664,0.5435156226158142,0.5402148365974426,1.0189410643577577,1,32,relu,he_normal,0.25,0.35,2,64,glorot_normal,0.30000000000000004,0.007185728312789617,3.0,0.1
direction_1_trials_GRU,042,48.301177978515625,0.4564843773841858,0.45835936069488525,0.9081831994056702,1,32,relu,glorot_normal,0.4,0.30000000000000004,1,128,glorot_normal,0.1,0.0003604858405189057,1.5,0.9
direction_1_trials_GRU,043,24.61822509765625,0.4564843773841858,0.45970702171325684,0.9318661522865296,1,32,relu,he_normal,0.25,0.1,2,128,he_normal,0.30000000000000004,0.01,2.0,0.9
direction_1_trials_GRU,044,130.3512725830078,0.5435156226158142,0.539355456829071,0.9131643500328064,1,128,relu,glorot_normal,0.35,0.1,1,128,glorot_normal,0.30000000000000004,0.0010542307245350136,1.0,0.1
direction_1_trials_GRU,045,19.534740447998047,0.5435156226158142,0.5396875143051147,1.0239808821678162,1,32,relu,he_normal,0.15000000000000002,0.1,1,64,he_normal,0.5,0.009605669721131358,1.0,0.1
direction_1_trials_GRU,046,450.4575500488281,0.4564843773841858,0.46021485328674316,0.5060268273353576,3,32,relu,he_normal,0.15000000000000002,0.30000000000000004,1,64,he_normal,0.1,0.005104486131710915,3.0,0.9
direction_1_trials_GRU,047,67.87989044189453,0.4564843773841858,0.4606054723262787,0.8886044869422912,3,32,relu,glorot_normal,0.2,0.35,2,128,zeros,0.2,0.0005736242450067316,3.0,0.6
direction_1_trials_GRU,048,261.21112060546875,0.4564843773841858,0.45976561307907104,0.695273256778717,3,32,relu,he_normal,0.25,0.1,1,128,zeros,0.1,0.005699837642604689,1.0,0.9
direction_1_trials_GRU,049,52.2006950378418,0.5435156226158142,0.5413281321525574,0.9913149275779725,1,32,relu,glorot_normal,0.35,0.35,2,128,zeros,0.5,0.00026657324485614457,3.0,0.1
direction_1_trials_GRU,050,79.04798126220703,0.5435156226158142,0.5400586128234863,0.9644676413536072,1,96,relu,glorot_normal,0.25,0.1,2,32,he_normal,0.5,0.003050885130938264,3.0,0.1
direction_1_trials_GRU,051,47.270286560058594,0.5435156226158142,0.5399218797683716,0.9962453360557556,1,64,relu,he_normal,0.30000000000000004,0.30000000000000004,1,128,zeros,0.2,0.01,1.0,0.1
direction_1_trials_GRU,052,46.47211837768555,0.4564843773841858,0.46400392055511475,0.9100122590065003,1,32,relu,he_normal,0.15000000000000002,0.4,1,128,zeros,0.1,0.0008495919168870238,3.0,0.9
direction_1_trials_GRU,053,93.8050308227539,0.4564843773841858,0.45949217677116394,0.8613521299362182,1,32,relu,glorot_normal,0.1,0.1,1,128,he_normal,0.2,0.0001,1.0,0.9
direction_1_trials_GRU,054,64.2154769897461,0.4564843773841858,0.45955076813697815,0.8922689003944397,1,64,relu,glorot_normal,0.4,0.1,2,128,zeros,0.5,0.00286709314799256,3.0,0.9
direction_1_trials_GRU,055,38.67539596557617,0.5435156226158142,0.5396484136581421,1.004840226650238,3,32,relu,glorot_normal,0.1,0.4,2,32,he_normal,0.30000000000000004,0.004116023106329817,3.0,0.1
direction_1_trials_GRU,056,117.45233154296875,0.5435156226158142,0.5111718773841858,0.9260632910728455,1,32,relu,glorot_normal,0.15000000000000002,0.4,2,64,he_normal,0.2,0.0001,3.0,0.9
direction_1_trials_GRU,057,69.07369995117188,0.5435156226158142,0.5403125286102295,0.9744419226646424,1,128,relu,he_normal,0.4,0.1,1,64,zeros,0.5,0.01,3.0,0.1
direction_1_trials_GRU,058,79.94085693359375,0.5435156226158142,0.5395312309265137,0.9635747656822204,1,128,relu,he_normal,0.1,0.1,1,128,he_normal,0.1,0.01,1.0,0.1
direction_1_trials_GRU,059,28.037303924560547,0.5435156226158142,0.5410742163658142,1.0154783186912537,3,32,relu,glorot_normal,0.4,0.1,2,32,zeros,0.5,0.01,3.0,0.1
direction_1_trials_GRU,060,33.5713005065918,0.5435156226158142,0.5396875143051147,1.0099443221092224,2,32,relu,he_normal,0.4,0.4,1,32,zeros,0.1,0.0005448127461830455,3.0,0.5
direction_1_trials_GRU,061,201.4328155517578,0.4564843773841858,0.4596875011920929,0.7550515618324279,3,32,relu,glorot_normal,0.4,0.1,1,128,zeros,0.1,0.0001,1.0,0.9
direction_1_trials_GRU,062,13.80402946472168,0.4564843773841858,0.46025389432907104,0.9426803479194641,1,32,relu,glorot_normal,0.4,0.1,1,32,he_normal,0.5,0.01,1.0,0.9
direction_1_trials_GRU,063,30.639223098754883,0.4564843773841858,0.4593749940395355,0.9258451542854309,1,32,relu,he_normal,0.1,0.35,1,64,he_normal,0.1,0.007962208857329288,1.0,0.9
direction_1_trials_GRU,064,37.4821891784668,0.4564843773841858,0.46091797947883606,0.919002188205719,1,32,relu,glorot_normal,0.1,0.4,2,128,zeros,0.30000000000000004,0.003476658390543193,1.0,0.9
direction_1_trials_GRU,065,79.32974243164062,0.5435156226158142,0.5411132574081421,0.9641858801841736,1,128,relu,glorot_normal,0.4,0.4,2,128,zeros,0.5,0.01,3.0,0.1
direction_1_trials_GRU,066,158.63427734375,0.4564843773841858,0.4603515565395355,0.7978501000404358,1,128,relu,glorot_normal,0.30000000000000004,0.1,1,128,zeros,0.1,0.00018387513506594515,1.0,0.9
direction_1_trials_GRU,067,60.74147415161133,0.5435156226158142,0.5381445288658142,0.9827588002681732,1,32,relu,glorot_normal,0.1,0.30000000000000004,1,128,zeros,0.1,0.00010669311271824,1.0,0.1
direction_1_trials_GRU,068,26.5897159576416,0.5435156226158142,0.5410546660423279,1.0169259066581726,1,32,relu,he_normal,0.4,0.4,1,32,he_normal,0.5,0.0027935775946057203,3.0,0.1
direction_1_trials_GRU,069,63.119117736816406,0.5435156226158142,0.538769543170929,0.9803965048789978,1,32,relu,glorot_normal,0.1,0.4,2,128,he_normal,0.30000000000000004,0.0008531118311410622,1.0,0.1
direction_1_trials_GRU,070,13.444353103637695,0.5435156226158142,0.5404883027076721,1.0300712695121765,1,32,relu,glorot_normal,0.4,0.25,1,32,zeros,0.5,0.01,1.0,0.1
direction_1_trials_GRU,071,38.06956481933594,0.4564843773841858,0.4582812488079071,0.9184148125648498,3,32,relu,glorot_normal,0.1,0.1,2,32,he_normal,0.4,0.01,1.0,0.9
direction_1_trials_GRU,072,30.3736572265625,0.4564843773841858,0.4601171910762787,0.9261107201576233,1,32,relu,he_normal,0.4,0.4,2,32,zeros,0.5,0.000604250314052608,3.0,0.9
direction_1_trials_GRU,073,25.433456420898438,0.5435156226158142,0.5405859351158142,1.0180821661949158,3,32,relu,glorot_normal,0.1,0.1,1,32,he_normal,0.1,0.01,1.0,0.1
direction_1_trials_GRU,074,291.3128967285156,0.4564843773841858,0.49898436665534973,0.6651714806556701,1,128,relu,glorot_normal,0.4,0.4,2,128,zeros,0.30000000000000004,0.0001,3.0,0.9
direction_1_trials_GRU,075,68.57202911376953,0.4564843773841858,0.46439453959465027,0.8879123482704163,1,32,relu,glorot_normal,0.4,0.1,1,32,he_normal,0.5,0.0001,1.0,0.1
direction_1_trials_GRU,076,117.7203140258789,0.4564843773841858,0.49169921875,0.8387640633583069,1,32,relu,glorot_normal,0.4,0.1,2,128,he_normal,0.5,0.0001,1.0,0.9
direction_1_trials_GRU,077,37.21769332885742,0.5435156226158142,0.5408008098602295,1.0062979292869567,1,32,relu,glorot_normal,0.4,0.1,1,128,zeros,0.5,0.0001,1.0,0.1
direction_1_trials_GRU,078,91.54461669921875,0.4564843773841858,0.4588867127895355,0.864939760684967,1,128,relu,he_normal,0.4,0.4,2,32,he_normal,0.5,0.01,3.0,0.9
direction_1_trials_GRU,079,117.72720336914062,0.5435156226158142,0.5407031178474426,0.9257884192466735,1,128,relu,glorot_normal,0.1,0.4,2,128,zeros,0.1,0.0027244922098680112,3.0,0.1
direction_1_trials_GRU,080,268.8349609375,0.4564843773841858,0.4989648461341858,0.6876494164466858,1,128,relu,glorot_normal,0.4,0.1,2,128,zeros,0.5,0.0001,3.0,0.1
direction_1_trials_GRU,081,95.46920776367188,0.5435156226158142,0.5410937666893005,0.9480464148521424,1,128,relu,he_normal,0.1,0.4,2,128,he_normal,0.5,0.01,3.0,0.1
direction_1_trials_GRU,082,381.7205810546875,0.4564843773841858,0.4939843714237213,0.5747637963294983,3,32,relu,glorot_normal,0.4,0.25,2,32,he_normal,0.5,0.0001,3.0,0.9
direction_1_trials_GRU,083,47.92067337036133,0.5435156226158142,0.49658203125,0.9955949492454529,1,32,relu,glorot_normal,0.1,0.4,1,32,zeros,0.1,0.00033240030190097135,3.0,0.1
direction_1_trials_GRU,084,73.40925598144531,0.4564843773841858,0.49406251311302185,0.8830751214027405,1,32,relu,he_normal,0.4,0.1,2,32,he_normal,0.5,0.00011955310520668936,3.0,0.1
direction_1_trials_GRU,085,152.2944793701172,0.4564843773841858,0.4937109351158142,0.8041898980140686,1,32,relu,he_normal,0.4,0.1,2,128,zeros,0.1,0.0001,3.0,0.9
direction_1_trials_GRU,086,535.2554321289062,0.5435156226158142,0.5404687523841858,0.508260190486908,3,32,relu,he_normal,0.1,0.35,1,32,zeros,0.1,0.01,3.0,0.1
direction_1_trials_GRU,087,95.62737274169922,0.5435156226158142,0.5404883027076721,0.947888249874115,1,128,relu,he_normal,0.4,0.1,2,128,he_normal,0.5,0.01,3.0,0.1
direction_1_trials_GRU,088,89.85636901855469,0.4564843773841858,0.45902344584465027,0.8666280083656311,1,128,relu,he_normal,0.4,0.30000000000000004,2,128,zeros,0.2,0.01,3.0,0.9
direction_1_trials_GRU,089,19.92999839782715,0.4564843773841858,0.4586523473262787,0.9365543789863586,1,32,relu,glorot_normal,0.1,0.1,1,128,he_normal,0.5,0.01,1.0,0.9
direction_1_trials_GRU,090,65.31576538085938,0.5435156226158142,0.5288867354393005,0.9781998572349548,3,32,relu,glorot_normal,0.4,0.1,1,32,he_normal,0.1,0.0001,1.0,0.9
direction_1_trials_GRU,091,36.214359283447266,0.4564843773841858,0.4599023461341858,0.9202700181007385,3,32,relu,he_normal,0.4,0.1,2,32,he_normal,0.5,0.01,3.0,0.9
direction_1_trials_GRU,092,183.5242156982422,0.4564843773841858,0.4608398377895355,0.7730320448875427,1,32,relu,he_normal,0.1,0.4,2,128,he_normal,0.1,0.0001,3.0,0.1
direction_1_trials_GRU,093,120.88688659667969,0.5435156226158142,0.5217578411102295,0.9226287360191345,1,32,relu,glorot_normal,0.1,0.1,2,128,he_normal,0.5,0.0001,3.0,0.1
direction_1_trials_GRU,094,161.82977294921875,0.5435156226158142,0.5413476824760437,0.8816858496665955,1,128,relu,glorot_normal,0.1,0.1,1,128,zeros,0.4,0.0004306792774214042,1.0,0.1
direction_1_trials_GRU,095,469.0588684082031,0.4564843773841858,0.46021485328674316,0.4874255089759827,3,32,relu,glorot_normal,0.15000000000000002,0.1,1,128,he_normal,0.1,0.0010214157892960637,1.0,0.9
direction_1_trials_GRU,096,40.866539001464844,0.5435156226158142,0.5402538776397705,1.0026490836143493,1,32,relu,he_normal,0.1,0.1,1,128,zeros,0.2,0.0016293600972972849,1.5,0.1
direction_1_trials_GRU,097,107.7842025756836,0.5435156226158142,0.5052929520606995,0.9357314200401307,1,32,relu,he_normal,0.4,0.4,2,128,he_normal,0.5,0.0001,3.0,0.9
direction_1_trials_GRU,098,54.60121154785156,0.5435156226158142,0.5405468940734863,0.9889144110679626,1,32,relu,glorot_normal,0.4,0.4,1,32,he_normal,0.1,0.0001,3.0,0.1
direction_1_trials_GRU,099,71.91741943359375,0.5435156226158142,0.5389453172683716,0.9715622615814209,1,32,relu,he_normal,0.4,0.1,1,128,he_normal,0.1,0.0001,1.0,0.9
direction_1_trials_GRU,100,250.26837158203125,0.5435156226158142,0.5179101824760437,0.7932472510337829,3,32,relu,glorot_normal,0.1,0.1,2,32,he_normal,0.2,0.0001,3.0,0.1
direction_1_trials_GRU,101,102.22080993652344,0.5435156226158142,0.5392773151397705,0.9412948126792908,3,32,relu,glorot_normal,0.4,0.1,1,32,zeros,0.1,0.0001,3.0,0.1
direction_1_trials_GRU,102,76.21381378173828,0.4564843773841858,0.49531251192092896,0.8802705636024475,1,32,relu,glorot_normal,0.1,0.4,2,32,he_normal,0.5,0.00010000000000000005,3.0,0.1
direction_1_trials_GRU,103,82.71463012695312,0.4564843773841858,0.46058595180511475,0.8737697472572327,1,32,relu,he_normal,0.4,0.4,2,32,he_normal,0.1,0.0001,3.0,0.9
direction_1_trials_GRU,104,202.32101440429688,0.5435156226158142,0.5403515696525574,0.8411946082115174,1,128,relu,glorot_normal,0.4,0.35,1,128,zeros,0.1,0.0001,3.0,0.1
direction_1_trials_GRU,105,29.558500289916992,0.5435156226158142,0.5405077934265137,1.0139571223258972,3,32,relu,glorot_normal,0.4,0.1,1,32,he_normal,0.5,0.01,1.0,0.1
direction_1_trials_GRU,106,138.2232666015625,0.5435156226158142,0.5405468940734863,0.9052923560142517,1,128,relu,glorot_normal,0.4,0.1,1,32,zeros,0.5,0.0002623438141250031,1.0,0.1
direction_1_trials_GRU,107,68.43513488769531,0.4564843773841858,0.46089842915534973,0.8880492424964905,3,32,relu,glorot_normal,0.4,0.4,1,32,he_normal,0.1,0.0001,3.0,0.9
direction_1_trials_GRU,108,17.98821449279785,0.4564843773841858,0.46000000834465027,0.9384961628913879,1,32,relu,he_normal,0.4,0.1,1,32,zeros,0.1,0.01,3.0,0.9
direction_1_trials_GRU,109,16.308921813964844,0.5435156226158142,0.5397265553474426,1.0272067008018493,1,32,relu,glorot_normal,0.4,0.1,1,32,he_normal,0.1,0.01,3.0,0.1
direction_1_trials_GRU,110,411.2880859375,0.5435156226158142,0.5395117402076721,0.6322275366783142,3,32,relu,glorot_normal,0.1,0.1,2,32,he_normal,0.5,0.01,3.0,0.1
direction_1_trials_GRU,111,20.882097244262695,0.4564843773841858,0.4590429663658142,0.9356022801399231,1,32,relu,he_normal,0.4,0.4,1,128,he_normal,0.5,0.01,3.0,0.9
direction_1_trials_GRU,112,56.87205123901367,0.5435156226158142,0.5412890911102295,0.9866435713768006,1,32,relu,glorot_normal,0.4,0.1,1,32,he_normal,0.1,0.0001,3.0,0.9
direction_1_trials_GRU,113,176.02371215820312,0.5435156226158142,0.5394335985183716,0.8674919104576111,1,32,relu,glorot_normal,0.4,0.1,2,128,he_normal,0.1,0.00010000000000000005,3.0,0.1
direction_1_trials_GRU,114,90.37809753417969,0.4564843773841858,0.46074217557907104,0.8627306900024414,1,32,relu,he_normal,0.4,0.25,1,128,zeros,0.1,0.0001,3.0,0.1
direction_1_trials_GRU,115,32.68578338623047,0.5435156226158142,0.5398046970367432,1.0108298392295838,1,32,relu,he_normal,0.1,0.4,1,128,he_normal,0.1,0.0021145370367318538,1.0,0.1
direction_1_trials_GRU,116,57.617706298828125,0.4564843773841858,0.45972657203674316,0.8988666710853577,1,128,relu,glorot_normal,0.4,0.4,1,32,he_normal,0.1,0.01,3.0,0.9
direction_1_trials_GRU,117,88.74236297607422,0.4564843773841858,0.4704882800579071,0.8677420144081116,1,32,relu,glorot_normal,0.1,0.1,2,128,zeros,0.1,0.00010000000000000005,3.0,0.1
direction_1_trials_GRU,118,60.887413024902344,0.5435156226158142,0.5410546660423279,0.9826282095909119,1,128,relu,glorot_normal,0.4,0.4,1,32,zeros,0.1,0.01,3.0,0.1
direction_1_trials_GRU,119,251.19239807128906,0.4564843773841858,0.46037110686302185,0.7052919793128967,1,128,relu,glorot_normal,0.4,0.1,1,128,he_normal,0.30000000000000004,0.0001,1.0,0.9
direction_1_trials_GRU,120,27.94756317138672,0.5435156226158142,0.5408594012260437,1.0155680594444274,3,32,relu,glorot_normal,0.4,0.4,1,32,zeros,0.1,0.01,1.0,0.1
direction_1_trials_GRU,121,98.30650329589844,0.5435156226158142,0.5399218797683716,0.9452091193199158,1,128,relu,he_normal,0.1,0.1,2,128,zeros,0.5,0.01,3.0,0.1
direction_1_trials_GRU,122,231.224609375,0.4564843773841858,0.4600195288658142,0.7252597680091858,3,32,relu,glorot_normal,0.1,0.4,2,32,zeros,0.1,0.01,3.0,0.9
direction_1_trials_GRU,123,64.09436798095703,0.5435156226158142,0.5400195121765137,0.9794212546348572,3,32,relu,glorot_normal,0.4,0.4,2,32,zeros,0.1,0.0001,3.0,0.1
direction_1_trials_GRU,124,1760.93310546875,0.5435156226158142,0.5313085913658142,-0.7174174828529358,3,32,relu,he_normal,0.1,0.4,2,32,he_normal,0.1,0.0001,3.0,0.9
direction_1_trials_GRU,125,13.95617961883545,0.4564843773841858,0.4591601490974426,0.9425281977653504,1,32,relu,he_normal,0.4,0.4,1,32,he_normal,0.30000000000000004,0.01,1.0,0.9
direction_1_trials_GRU,126,32.759151458740234,0.4564843773841858,0.45949217677116394,0.9237252259254456,3,32,relu,he_normal,0.4,0.1,1,32,he_normal,0.1,0.01,1.0,0.9
direction_1_trials_GRU,127,12.747675895690918,0.4564843773841858,0.4602734446525574,0.9437367014884949,1,32,relu,glorot_normal,0.4,0.4,1,32,zeros,0.5,0.01,3.0,0.9
direction_1_trials_GRU,128,15.803763389587402,0.5435156226158142,0.5404297113418579,1.0277118592262269,1,32,relu,glorot_normal,0.4,0.4,1,128,zeros,0.1,0.01,3.0,0.1
direction_1_trials_GRU,129,17.43775177001953,0.4564843773841858,0.45976561307907104,0.9390466256141663,1,32,relu,he_normal,0.4,0.1,1,128,he_normal,0.5,0.01,1.0,0.9
direction_1_trials_GRU,130,41.34994125366211,0.4564843773841858,0.46845704317092896,0.9151344361305237,1,32,relu,glorot_normal,0.4,0.4,2,32,he_normal,0.5,0.0010845647525341106,3.0,0.9
direction_1_trials_GRU,131,100.01488494873047,0.5435156226158142,0.530078113079071,0.9435007376670838,1,32,relu,glorot_normal,0.4,0.4,2,128,zeros,0.1,0.0001,1.0,0.1
direction_1_trials_GRU,132,53.84600067138672,0.5435156226158142,0.5397265553474426,0.9896696219444275,1,128,relu,glorot_normal,0.4,0.1,1,32,he_normal,0.5,0.01,3.0,0.1
direction_1_trials_GRU,133,1000000.0,0.0,,-1000.0,1,32,relu,glorot_normal,0.4,0.4,1,32,zeros,0.1,0.0001,1.0,0.1
